<annotation>
  <folder>cone_dataset</folder>
  <filename>1.jpg</filename>
  <path>/home/melissafm/Workspace/cone_dataset/1.jpg</path>
  <source>
    <database>Unknown</database>
  </source>
  <size>
    <width>414</width>
    <height>414</height>
    <depth>3</depth>
  </size>
  <segmented>0</segmented>
  <object>
    <name>trafficcone</name>
    <pose>Unspecified</pose>
    <truncated>0</truncated>
    <difficult>0</difficult>
    <bndbox>
      <xmin>98</xmin>
      <ymin>33</ymin>
      <xmax>316</xmax>
      <ymax>327</ymax>
    </bndbox>
  </object>
</annotation>