<annotation>
  <folder>JPEGImages</folder>
  <filename>10.jpg</filename>
  <path>/home/melissafm/Workspace/darknet/VOCdevkit/VOC2012/JPEGImages/10.jpg</path>
  <source>
    <database>Unknown</database>
  </source>
  <size>
    <width>508</width>
    <height>337</height>
    <depth>3</depth>
  </size>
  <segmented>0</segmented>
  <object>
    <name>trafficcone</name>
    <pose>Unspecified</pose>
    <truncated>0</truncated>
    <difficult>0</difficult>
    <bndbox>
      <xmin>247</xmin>
      <ymin>40</ymin>
      <xmax>437</xmax>
      <ymax>328</ymax>
    </bndbox>
  </object>
</annotation>