<annotation>
  <folder>cone_dataset</folder>
  <filename>100.jpg</filename>
  <path>/home/melissafm/Workspace/cone_dataset/100.jpg</path>
  <source>
    <database>Unknown</database>
  </source>
  <size>
    <width>509</width>
    <height>339</height>
    <depth>3</depth>
  </size>
  <segmented>0</segmented>
  <object>
    <name>trafficcone</name>
    <pose>Unspecified</pose>
    <truncated>0</truncated>
    <difficult>0</difficult>
    <bndbox>
      <xmin>33</xmin>
      <ymin>65</ymin>
      <xmax>224</xmax>
      <ymax>325</ymax>
    </bndbox>
  </object>
  <object>
    <name>trafficcone</name>
    <pose>Unspecified</pose>
    <truncated>0</truncated>
    <difficult>0</difficult>
    <bndbox>
      <xmin>192</xmin>
      <ymin>71</ymin>
      <xmax>310</xmax>
      <ymax>251</ymax>
    </bndbox>
  </object>
  <object>
    <name>trafficcone</name>
    <pose>Unspecified</pose>
    <truncated>0</truncated>
    <difficult>0</difficult>
    <bndbox>
      <xmin>326</xmin>
      <ymin>76</ymin>
      <xmax>386</xmax>
      <ymax>173</ymax>
    </bndbox>
  </object>
  <object>
    <name>trafficcone</name>
    <pose>Unspecified</pose>
    <truncated>0</truncated>
    <difficult>0</difficult>
    <bndbox>
      <xmin>176</xmin>
      <ymin>72</ymin>
      <xmax>233</xmax>
      <ymax>204</ymax>
    </bndbox>
  </object>
</annotation>