<annotation>
  <folder>cone_dataset</folder>
  <filename>101.jpg</filename>
  <path>/home/melissafm/Workspace/cone_dataset/101.jpg</path>
  <source>
    <database>Unknown</database>
  </source>
  <size>
    <width>336</width>
    <height>509</height>
    <depth>3</depth>
  </size>
  <segmented>0</segmented>
  <object>
    <name>trafficcone</name>
    <pose>Unspecified</pose>
    <truncated>0</truncated>
    <difficult>0</difficult>
    <bndbox>
      <xmin>34</xmin>
      <ymin>382</ymin>
      <xmax>71</xmax>
      <ymax>432</ymax>
    </bndbox>
  </object>
  <object>
    <name>trafficcone</name>
    <pose>Unspecified</pose>
    <truncated>0</truncated>
    <difficult>0</difficult>
    <bndbox>
      <xmin>109</xmin>
      <ymin>382</ymin>
      <xmax>139</xmax>
      <ymax>434</ymax>
    </bndbox>
  </object>
  <object>
    <name>trafficcone</name>
    <pose>Unspecified</pose>
    <truncated>0</truncated>
    <difficult>0</difficult>
    <bndbox>
      <xmin>176</xmin>
      <ymin>383</ymin>
      <xmax>207</xmax>
      <ymax>435</ymax>
    </bndbox>
  </object>
  <object>
    <name>trafficcone</name>
    <pose>Unspecified</pose>
    <truncated>0</truncated>
    <difficult>0</difficult>
    <bndbox>
      <xmin>236</xmin>
      <ymin>382</ymin>
      <xmax>270</xmax>
      <ymax>433</ymax>
    </bndbox>
  </object>
</annotation>