<annotation>
  <folder>cone_dataset</folder>
  <filename>102.jpg</filename>
  <path>/home/melissafm/Workspace/cone_dataset/102.jpg</path>
  <source>
    <database>Unknown</database>
  </source>
  <size>
    <width>359</width>
    <height>479</height>
    <depth>3</depth>
  </size>
  <segmented>0</segmented>
  <object>
    <name>trafficcone</name>
    <pose>Unspecified</pose>
    <truncated>0</truncated>
    <difficult>0</difficult>
    <bndbox>
      <xmin>191</xmin>
      <ymin>273</ymin>
      <xmax>287</xmax>
      <ymax>430</ymax>
    </bndbox>
  </object>
  <object>
    <name>trafficcone</name>
    <pose>Unspecified</pose>
    <truncated>0</truncated>
    <difficult>0</difficult>
    <bndbox>
      <xmin>245</xmin>
      <ymin>258</ymin>
      <xmax>302</xmax>
      <ymax>382</ymax>
    </bndbox>
  </object>
  <object>
    <name>trafficcone</name>
    <pose>Unspecified</pose>
    <truncated>0</truncated>
    <difficult>0</difficult>
    <bndbox>
      <xmin>264</xmin>
      <ymin>238</ymin>
      <xmax>305</xmax>
      <ymax>343</ymax>
    </bndbox>
  </object>
  <object>
    <name>trafficcone</name>
    <pose>Unspecified</pose>
    <truncated>0</truncated>
    <difficult>0</difficult>
    <bndbox>
      <xmin>281</xmin>
      <ymin>226</ymin>
      <xmax>322</xmax>
      <ymax>315</ymax>
    </bndbox>
  </object>
  <object>
    <name>trafficcone</name>
    <pose>Unspecified</pose>
    <truncated>0</truncated>
    <difficult>0</difficult>
    <bndbox>
      <xmin>307</xmin>
      <ymin>197</ymin>
      <xmax>343</xmax>
      <ymax>263</ymax>
    </bndbox>
  </object>
  <object>
    <name>trafficcone</name>
    <pose>Unspecified</pose>
    <truncated>0</truncated>
    <difficult>0</difficult>
    <bndbox>
      <xmin>236</xmin>
      <ymin>177</ymin>
      <xmax>258</xmax>
      <ymax>214</ymax>
    </bndbox>
  </object>
</annotation>