<annotation>
  <folder>cone_dataset</folder>
  <filename>103.jpg</filename>
  <path>/home/melissafm/Workspace/cone_dataset/103.jpg</path>
  <source>
    <database>Unknown</database>
  </source>
  <size>
    <width>525</width>
    <height>329</height>
    <depth>3</depth>
  </size>
  <segmented>0</segmented>
  <object>
    <name>trafficcone</name>
    <pose>Unspecified</pose>
    <truncated>0</truncated>
    <difficult>0</difficult>
    <bndbox>
      <xmin>121</xmin>
      <ymin>127</ymin>
      <xmax>230</xmax>
      <ymax>298</ymax>
    </bndbox>
  </object>
  <object>
    <name>trafficcone</name>
    <pose>Unspecified</pose>
    <truncated>0</truncated>
    <difficult>0</difficult>
    <bndbox>
      <xmin>7</xmin>
      <ymin>72</ymin>
      <xmax>89</xmax>
      <ymax>196</ymax>
    </bndbox>
  </object>
  <object>
    <name>trafficcone</name>
    <pose>Unspecified</pose>
    <truncated>0</truncated>
    <difficult>0</difficult>
    <bndbox>
      <xmin>257</xmin>
      <ymin>35</ymin>
      <xmax>320</xmax>
      <ymax>142</ymax>
    </bndbox>
  </object>
  <object>
    <name>trafficcone</name>
    <pose>Unspecified</pose>
    <truncated>0</truncated>
    <difficult>0</difficult>
    <bndbox>
      <xmin>423</xmin>
      <ymin>82</ymin>
      <xmax>517</xmax>
      <ymax>220</ymax>
    </bndbox>
  </object>
</annotation>