<annotation>
  <folder>cone_dataset</folder>
  <filename>104.jpg</filename>
  <path>/home/melissafm/Workspace/cone_dataset/104.jpg</path>
  <source>
    <database>Unknown</database>
  </source>
  <size>
    <width>449</width>
    <height>382</height>
    <depth>3</depth>
  </size>
  <segmented>0</segmented>
  <object>
    <name>trafficcone</name>
    <pose>Unspecified</pose>
    <truncated>0</truncated>
    <difficult>0</difficult>
    <bndbox>
      <xmin>290</xmin>
      <ymin>34</ymin>
      <xmax>448</xmax>
      <ymax>344</ymax>
    </bndbox>
  </object>
  <object>
    <name>trafficcone</name>
    <pose>Unspecified</pose>
    <truncated>0</truncated>
    <difficult>0</difficult>
    <bndbox>
      <xmin>68</xmin>
      <ymin>97</ymin>
      <xmax>158</xmax>
      <ymax>285</ymax>
    </bndbox>
  </object>
  <object>
    <name>trafficcone</name>
    <pose>Unspecified</pose>
    <truncated>0</truncated>
    <difficult>0</difficult>
    <bndbox>
      <xmin>120</xmin>
      <ymin>74</ymin>
      <xmax>263</xmax>
      <ymax>296</ymax>
    </bndbox>
  </object>
  <object>
    <name>trafficcone</name>
    <pose>Unspecified</pose>
    <truncated>0</truncated>
    <difficult>0</difficult>
    <bndbox>
      <xmin>258</xmin>
      <ymin>89</ymin>
      <xmax>332</xmax>
      <ymax>290</ymax>
    </bndbox>
  </object>
</annotation>