<annotation>
  <folder>cone_dataset</folder>
  <filename>105.jpg</filename>
  <path>/home/melissafm/Workspace/cone_dataset/105.jpg</path>
  <source>
    <database>Unknown</database>
  </source>
  <size>
    <width>445</width>
    <height>594</height>
    <depth>3</depth>
  </size>
  <segmented>0</segmented>
  <object>
    <name>trafficcone</name>
    <pose>Unspecified</pose>
    <truncated>0</truncated>
    <difficult>0</difficult>
    <bndbox>
      <xmin>1</xmin>
      <ymin>61</ymin>
      <xmax>171</xmax>
      <ymax>569</ymax>
    </bndbox>
  </object>
  <object>
    <name>trafficcone</name>
    <pose>Unspecified</pose>
    <truncated>0</truncated>
    <difficult>0</difficult>
    <bndbox>
      <xmin>75</xmin>
      <ymin>57</ymin>
      <xmax>241</xmax>
      <ymax>472</ymax>
    </bndbox>
  </object>
  <object>
    <name>trafficcone</name>
    <pose>Unspecified</pose>
    <truncated>0</truncated>
    <difficult>0</difficult>
    <bndbox>
      <xmin>155</xmin>
      <ymin>65</ymin>
      <xmax>266</xmax>
      <ymax>407</ymax>
    </bndbox>
  </object>
  <object>
    <name>trafficcone</name>
    <pose>Unspecified</pose>
    <truncated>0</truncated>
    <difficult>0</difficult>
    <bndbox>
      <xmin>224</xmin>
      <ymin>64</ymin>
      <xmax>335</xmax>
      <ymax>360</ymax>
    </bndbox>
  </object>
  <object>
    <name>trafficcone</name>
    <pose>Unspecified</pose>
    <truncated>0</truncated>
    <difficult>0</difficult>
    <bndbox>
      <xmin>286</xmin>
      <ymin>48</ymin>
      <xmax>391</xmax>
      <ymax>310</ymax>
    </bndbox>
  </object>
  <object>
    <name>trafficcone</name>
    <pose>Unspecified</pose>
    <truncated>0</truncated>
    <difficult>0</difficult>
    <bndbox>
      <xmin>340</xmin>
      <ymin>38</ymin>
      <xmax>430</xmax>
      <ymax>273</ymax>
    </bndbox>
  </object>
  <object>
    <name>trafficcone</name>
    <pose>Unspecified</pose>
    <truncated>0</truncated>
    <difficult>0</difficult>
    <bndbox>
      <xmin>378</xmin>
      <ymin>38</ymin>
      <xmax>443</xmax>
      <ymax>251</ymax>
    </bndbox>
  </object>
</annotation>