<annotation>
  <folder>cone_dataset</folder>
  <filename>106.jpg</filename>
  <path>/home/melissafm/Workspace/cone_dataset/106.jpg</path>
  <source>
    <database>Unknown</database>
  </source>
  <size>
    <width>170</width>
    <height>108</height>
    <depth>3</depth>
  </size>
  <segmented>0</segmented>
  <object>
    <name>trafficcone</name>
    <pose>Unspecified</pose>
    <truncated>0</truncated>
    <difficult>0</difficult>
    <bndbox>
      <xmin>6</xmin>
      <ymin>26</ymin>
      <xmax>92</xmax>
      <ymax>89</ymax>
    </bndbox>
  </object>
</annotation>