<annotation>
  <folder>cone_dataset</folder>
  <filename>107.jpg</filename>
  <path>/home/melissafm/Workspace/cone_dataset/107.jpg</path>
  <source>
    <database>Unknown</database>
  </source>
  <size>
    <width>493</width>
    <height>594</height>
    <depth>3</depth>
  </size>
  <segmented>0</segmented>
  <object>
    <name>trafficcone</name>
    <pose>Unspecified</pose>
    <truncated>0</truncated>
    <difficult>0</difficult>
    <bndbox>
      <xmin>210</xmin>
      <ymin>227</ymin>
      <xmax>303</xmax>
      <ymax>444</ymax>
    </bndbox>
  </object>
</annotation>