<annotation>
  <folder>cone_dataset</folder>
  <filename>109.jpg</filename>
  <path>/home/melissafm/Workspace/cone_dataset/109.jpg</path>
  <source>
    <database>Unknown</database>
  </source>
  <size>
    <width>507</width>
    <height>338</height>
    <depth>3</depth>
  </size>
  <segmented>0</segmented>
  <object>
    <name>trafficcone</name>
    <pose>Unspecified</pose>
    <truncated>0</truncated>
    <difficult>0</difficult>
    <bndbox>
      <xmin>181</xmin>
      <ymin>225</ymin>
      <xmax>221</xmax>
      <ymax>273</ymax>
    </bndbox>
  </object>
  <object>
    <name>trafficcone</name>
    <pose>Unspecified</pose>
    <truncated>0</truncated>
    <difficult>0</difficult>
    <bndbox>
      <xmin>241</xmin>
      <ymin>224</ymin>
      <xmax>277</xmax>
      <ymax>271</ymax>
    </bndbox>
  </object>
  <object>
    <name>trafficcone</name>
    <pose>Unspecified</pose>
    <truncated>0</truncated>
    <difficult>0</difficult>
    <bndbox>
      <xmin>298</xmin>
      <ymin>226</ymin>
      <xmax>334</xmax>
      <ymax>270</ymax>
    </bndbox>
  </object>
  <object>
    <name>trafficcone</name>
    <pose>Unspecified</pose>
    <truncated>0</truncated>
    <difficult>0</difficult>
    <bndbox>
      <xmin>346</xmin>
      <ymin>226</ymin>
      <xmax>377</xmax>
      <ymax>268</ymax>
    </bndbox>
  </object>
  <object>
    <name>trafficcone</name>
    <pose>Unspecified</pose>
    <truncated>0</truncated>
    <difficult>0</difficult>
    <bndbox>
      <xmin>131</xmin>
      <ymin>224</ymin>
      <xmax>168</xmax>
      <ymax>269</ymax>
    </bndbox>
  </object>
  <object>
    <name>trafficcone</name>
    <pose>Unspecified</pose>
    <truncated>0</truncated>
    <difficult>0</difficult>
    <bndbox>
      <xmin>94</xmin>
      <ymin>225</ymin>
      <xmax>127</xmax>
      <ymax>266</ymax>
    </bndbox>
  </object>
  <object>
    <name>trafficcone</name>
    <pose>Unspecified</pose>
    <truncated>0</truncated>
    <difficult>0</difficult>
    <bndbox>
      <xmin>378</xmin>
      <ymin>226</ymin>
      <xmax>404</xmax>
      <ymax>266</ymax>
    </bndbox>
  </object>
  <object>
    <name>trafficcone</name>
    <pose>Unspecified</pose>
    <truncated>0</truncated>
    <difficult>0</difficult>
    <bndbox>
      <xmin>79</xmin>
      <ymin>222</ymin>
      <xmax>102</xmax>
      <ymax>263</ymax>
    </bndbox>
  </object>
  <object>
    <name>trafficcone</name>
    <pose>Unspecified</pose>
    <truncated>0</truncated>
    <difficult>0</difficult>
    <bndbox>
      <xmin>174</xmin>
      <ymin>220</ymin>
      <xmax>196</xmax>
      <ymax>249</ymax>
    </bndbox>
  </object>
  <object>
    <name>trafficcone</name>
    <pose>Unspecified</pose>
    <truncated>0</truncated>
    <difficult>0</difficult>
    <bndbox>
      <xmin>216</xmin>
      <ymin>222</ymin>
      <xmax>231</xmax>
      <ymax>249</ymax>
    </bndbox>
  </object>
  <object>
    <name>trafficcone</name>
    <pose>Unspecified</pose>
    <truncated>0</truncated>
    <difficult>0</difficult>
    <bndbox>
      <xmin>283</xmin>
      <ymin>223</ymin>
      <xmax>306</xmax>
      <ymax>251</ymax>
    </bndbox>
  </object>
  <object>
    <name>trafficcone</name>
    <pose>Unspecified</pose>
    <truncated>0</truncated>
    <difficult>0</difficult>
    <bndbox>
      <xmin>118</xmin>
      <ymin>220</ymin>
      <xmax>137</xmax>
      <ymax>250</ymax>
    </bndbox>
  </object>
</annotation>