<annotation>
  <folder>cone_dataset</folder>
  <filename>11.jpg</filename>
  <path>/home/melissafm/Workspace/cone_dataset/11.jpg</path>
  <source>
    <database>Unknown</database>
  </source>
  <size>
    <width>508</width>
    <height>338</height>
    <depth>3</depth>
  </size>
  <segmented>0</segmented>
  <object>
    <name>trafficcone</name>
    <pose>Unspecified</pose>
    <truncated>0</truncated>
    <difficult>0</difficult>
    <bndbox>
      <xmin>399</xmin>
      <ymin>18</ymin>
      <xmax>508</xmax>
      <ymax>263</ymax>
    </bndbox>
  </object>
  <object>
    <name>trafficcone</name>
    <pose>Unspecified</pose>
    <truncated>0</truncated>
    <difficult>0</difficult>
    <bndbox>
      <xmin>297</xmin>
      <ymin>19</ymin>
      <xmax>404</xmax>
      <ymax>205</ymax>
    </bndbox>
  </object>
  <object>
    <name>trafficcone</name>
    <pose>Unspecified</pose>
    <truncated>0</truncated>
    <difficult>0</difficult>
    <bndbox>
      <xmin>219</xmin>
      <ymin>16</ymin>
      <xmax>312</xmax>
      <ymax>170</ymax>
    </bndbox>
  </object>
  <object>
    <name>trafficcone</name>
    <pose>Unspecified</pose>
    <truncated>0</truncated>
    <difficult>0</difficult>
    <bndbox>
      <xmin>167</xmin>
      <ymin>14</ymin>
      <xmax>236</xmax>
      <ymax>150</ymax>
    </bndbox>
  </object>
  <object>
    <name>trafficcone</name>
    <pose>Unspecified</pose>
    <truncated>0</truncated>
    <difficult>0</difficult>
    <bndbox>
      <xmin>108</xmin>
      <ymin>12</ymin>
      <xmax>167</xmax>
      <ymax>126</ymax>
    </bndbox>
  </object>
  <object>
    <name>trafficcone</name>
    <pose>Unspecified</pose>
    <truncated>0</truncated>
    <difficult>0</difficult>
    <bndbox>
      <xmin>83</xmin>
      <ymin>11</ymin>
      <xmax>126</xmax>
      <ymax>113</ymax>
    </bndbox>
  </object>
  <object>
    <name>trafficcone</name>
    <pose>Unspecified</pose>
    <truncated>0</truncated>
    <difficult>0</difficult>
    <bndbox>
      <xmin>60</xmin>
      <ymin>11</ymin>
      <xmax>97</xmax>
      <ymax>102</ymax>
    </bndbox>
  </object>
  <object>
    <name>trafficcone</name>
    <pose>Unspecified</pose>
    <truncated>0</truncated>
    <difficult>0</difficult>
    <bndbox>
      <xmin>37</xmin>
      <ymin>10</ymin>
      <xmax>70</xmax>
      <ymax>93</ymax>
    </bndbox>
  </object>
  <object>
    <name>trafficcone</name>
    <pose>Unspecified</pose>
    <truncated>0</truncated>
    <difficult>0</difficult>
    <bndbox>
      <xmin>11</xmin>
      <ymin>6</ymin>
      <xmax>37</xmax>
      <ymax>81</ymax>
    </bndbox>
  </object>
  <object>
    <name>trafficcone</name>
    <pose>Unspecified</pose>
    <truncated>0</truncated>
    <difficult>0</difficult>
    <bndbox>
      <xmin>423</xmin>
      <ymin>7</ymin>
      <xmax>464</xmax>
      <ymax>80</ymax>
    </bndbox>
  </object>
  <object>
    <name>trafficcone</name>
    <pose>Unspecified</pose>
    <truncated>0</truncated>
    <difficult>0</difficult>
    <bndbox>
      <xmin>378</xmin>
      <ymin>7</ymin>
      <xmax>423</xmax>
      <ymax>76</ymax>
    </bndbox>
  </object>
  <object>
    <name>trafficcone</name>
    <pose>Unspecified</pose>
    <truncated>0</truncated>
    <difficult>0</difficult>
    <bndbox>
      <xmin>310</xmin>
      <ymin>6</ymin>
      <xmax>341</xmax>
      <ymax>67</ymax>
    </bndbox>
  </object>
  <object>
    <name>trafficcone</name>
    <pose>Unspecified</pose>
    <truncated>0</truncated>
    <difficult>0</difficult>
    <bndbox>
      <xmin>287</xmin>
      <ymin>7</ymin>
      <xmax>316</xmax>
      <ymax>63</ymax>
    </bndbox>
  </object>
  <object>
    <name>trafficcone</name>
    <pose>Unspecified</pose>
    <truncated>0</truncated>
    <difficult>0</difficult>
    <bndbox>
      <xmin>220</xmin>
      <ymin>5</ymin>
      <xmax>239</xmax>
      <ymax>53</ymax>
    </bndbox>
  </object>
  <object>
    <name>trafficcone</name>
    <pose>Unspecified</pose>
    <truncated>0</truncated>
    <difficult>0</difficult>
    <bndbox>
      <xmin>167</xmin>
      <ymin>7</ymin>
      <xmax>192</xmax>
      <ymax>46</ymax>
    </bndbox>
  </object>
  <object>
    <name>trafficcone</name>
    <pose>Unspecified</pose>
    <truncated>0</truncated>
    <difficult>0</difficult>
    <bndbox>
      <xmin>156</xmin>
      <ymin>7</ymin>
      <xmax>173</xmax>
      <ymax>45</ymax>
    </bndbox>
  </object>
</annotation>