<annotation>
  <folder>cone_dataset</folder>
  <filename>112.jpg</filename>
  <path>/home/melissafm/Workspace/cone_dataset/112.jpg</path>
  <source>
    <database>Unknown</database>
  </source>
  <size>
    <width>507</width>
    <height>337</height>
    <depth>3</depth>
  </size>
  <segmented>0</segmented>
  <object>
    <name>trafficcone</name>
    <pose>Unspecified</pose>
    <truncated>0</truncated>
    <difficult>0</difficult>
    <bndbox>
      <xmin>227</xmin>
      <ymin>188</ymin>
      <xmax>303</xmax>
      <ymax>302</ymax>
    </bndbox>
  </object>
  <object>
    <name>trafficcone</name>
    <pose>Unspecified</pose>
    <truncated>0</truncated>
    <difficult>0</difficult>
    <bndbox>
      <xmin>27</xmin>
      <ymin>191</ymin>
      <xmax>107</xmax>
      <ymax>316</ymax>
    </bndbox>
  </object>
</annotation>