<annotation>
  <folder>cone_dataset</folder>
  <filename>113.jpg</filename>
  <path>/home/melissafm/Workspace/cone_dataset/113.jpg</path>
  <source>
    <database>Unknown</database>
  </source>
  <size>
    <width>507</width>
    <height>337</height>
    <depth>3</depth>
  </size>
  <segmented>0</segmented>
  <object>
    <name>trafficcone</name>
    <pose>Unspecified</pose>
    <truncated>0</truncated>
    <difficult>0</difficult>
    <bndbox>
      <xmin>172</xmin>
      <ymin>209</ymin>
      <xmax>204</xmax>
      <ymax>271</ymax>
    </bndbox>
  </object>
  <object>
    <name>trafficcone</name>
    <pose>Unspecified</pose>
    <truncated>0</truncated>
    <difficult>0</difficult>
    <bndbox>
      <xmin>56</xmin>
      <ymin>212</ymin>
      <xmax>91</xmax>
      <ymax>277</ymax>
    </bndbox>
  </object>
</annotation>