<annotation>
  <folder>cone_dataset</folder>
  <filename>116.jpg</filename>
  <path>/home/melissafm/Workspace/cone_dataset/116.jpg</path>
  <source>
    <database>Unknown</database>
  </source>
  <size>
    <width>416</width>
    <height>412</height>
    <depth>3</depth>
  </size>
  <segmented>0</segmented>
  <object>
    <name>trafficcone</name>
    <pose>Unspecified</pose>
    <truncated>0</truncated>
    <difficult>0</difficult>
    <bndbox>
      <xmin>247</xmin>
      <ymin>131</ymin>
      <xmax>332</xmax>
      <ymax>186</ymax>
    </bndbox>
  </object>
  <object>
    <name>trafficcone</name>
    <pose>Unspecified</pose>
    <truncated>0</truncated>
    <difficult>0</difficult>
    <bndbox>
      <xmin>195</xmin>
      <ymin>116</ymin>
      <xmax>243</xmax>
      <ymax>210</ymax>
    </bndbox>
  </object>
  <object>
    <name>trafficcone</name>
    <pose>Unspecified</pose>
    <truncated>0</truncated>
    <difficult>0</difficult>
    <bndbox>
      <xmin>129</xmin>
      <ymin>121</ymin>
      <xmax>178</xmax>
      <ymax>234</ymax>
    </bndbox>
  </object>
  <object>
    <name>trafficcone</name>
    <pose>Unspecified</pose>
    <truncated>0</truncated>
    <difficult>0</difficult>
    <bndbox>
      <xmin>137</xmin>
      <ymin>182</ymin>
      <xmax>214</xmax>
      <ymax>332</ymax>
    </bndbox>
  </object>
  <object>
    <name>trafficcone</name>
    <pose>Unspecified</pose>
    <truncated>0</truncated>
    <difficult>0</difficult>
    <bndbox>
      <xmin>191</xmin>
      <ymin>218</ymin>
      <xmax>279</xmax>
      <ymax>397</ymax>
    </bndbox>
  </object>
  <object>
    <name>trafficcone</name>
    <pose>Unspecified</pose>
    <truncated>0</truncated>
    <difficult>0</difficult>
    <bndbox>
      <xmin>174</xmin>
      <ymin>87</ymin>
      <xmax>202</xmax>
      <ymax>172</ymax>
    </bndbox>
  </object>
</annotation>