<annotation>
  <folder>cone_dataset</folder>
  <filename>117.jpg</filename>
  <path>/home/melissafm/Workspace/cone_dataset/117.jpg</path>
  <source>
    <database>Unknown</database>
  </source>
  <size>
    <width>478</width>
    <height>359</height>
    <depth>3</depth>
  </size>
  <segmented>0</segmented>
  <object>
    <name>trafficcone</name>
    <pose>Unspecified</pose>
    <truncated>0</truncated>
    <difficult>0</difficult>
    <bndbox>
      <xmin>81</xmin>
      <ymin>40</ymin>
      <xmax>175</xmax>
      <ymax>204</ymax>
    </bndbox>
  </object>
  <object>
    <name>trafficcone</name>
    <pose>Unspecified</pose>
    <truncated>0</truncated>
    <difficult>0</difficult>
    <bndbox>
      <xmin>155</xmin>
      <ymin>88</ymin>
      <xmax>256</xmax>
      <ymax>275</ymax>
    </bndbox>
  </object>
  <object>
    <name>trafficcone</name>
    <pose>Unspecified</pose>
    <truncated>0</truncated>
    <difficult>0</difficult>
    <bndbox>
      <xmin>164</xmin>
      <ymin>15</ymin>
      <xmax>208</xmax>
      <ymax>155</ymax>
    </bndbox>
  </object>
  <object>
    <name>trafficcone</name>
    <pose>Unspecified</pose>
    <truncated>0</truncated>
    <difficult>0</difficult>
    <bndbox>
      <xmin>269</xmin>
      <ymin>28</ymin>
      <xmax>320</xmax>
      <ymax>174</ymax>
    </bndbox>
  </object>
  <object>
    <name>trafficcone</name>
    <pose>Unspecified</pose>
    <truncated>0</truncated>
    <difficult>0</difficult>
    <bndbox>
      <xmin>286</xmin>
      <ymin>74</ymin>
      <xmax>347</xmax>
      <ymax>223</ymax>
    </bndbox>
  </object>
</annotation>