<annotation>
  <folder>cone_dataset</folder>
  <filename>118.jpg</filename>
  <path>/home/melissafm/Workspace/cone_dataset/118.jpg</path>
  <source>
    <database>Unknown</database>
  </source>
  <size>
    <width>1024</width>
    <height>665</height>
    <depth>3</depth>
  </size>
  <segmented>0</segmented>
  <object>
    <name>trafficcone</name>
    <pose>Unspecified</pose>
    <truncated>0</truncated>
    <difficult>0</difficult>
    <bndbox>
      <xmin>111</xmin>
      <ymin>445</ymin>
      <xmax>206</xmax>
      <ymax>562</ymax>
    </bndbox>
  </object>
  <object>
    <name>trafficcone</name>
    <pose>Unspecified</pose>
    <truncated>0</truncated>
    <difficult>0</difficult>
    <bndbox>
      <xmin>1</xmin>
      <ymin>440</ymin>
      <xmax>52</xmax>
      <ymax>545</ymax>
    </bndbox>
  </object>
  <object>
    <name>trafficcone</name>
    <pose>Unspecified</pose>
    <truncated>0</truncated>
    <difficult>0</difficult>
    <bndbox>
      <xmin>344</xmin>
      <ymin>442</ymin>
      <xmax>454</xmax>
      <ymax>569</ymax>
    </bndbox>
  </object>
  <object>
    <name>trafficcone</name>
    <pose>Unspecified</pose>
    <truncated>0</truncated>
    <difficult>0</difficult>
    <bndbox>
      <xmin>542</xmin>
      <ymin>444</ymin>
      <xmax>644</xmax>
      <ymax>585</ymax>
    </bndbox>
  </object>
  <object>
    <name>trafficcone</name>
    <pose>Unspecified</pose>
    <truncated>0</truncated>
    <difficult>0</difficult>
    <bndbox>
      <xmin>683</xmin>
      <ymin>449</ymin>
      <xmax>774</xmax>
      <ymax>580</ymax>
    </bndbox>
  </object>
  <object>
    <name>trafficcone</name>
    <pose>Unspecified</pose>
    <truncated>0</truncated>
    <difficult>0</difficult>
    <bndbox>
      <xmin>380</xmin>
      <ymin>395</ymin>
      <xmax>399</xmax>
      <ymax>430</ymax>
    </bndbox>
  </object>
  <object>
    <name>trafficcone</name>
    <pose>Unspecified</pose>
    <truncated>0</truncated>
    <difficult>0</difficult>
    <bndbox>
      <xmin>455</xmin>
      <ymin>397</ymin>
      <xmax>477</xmax>
      <ymax>433</ymax>
    </bndbox>
  </object>
  <object>
    <name>trafficcone</name>
    <pose>Unspecified</pose>
    <truncated>0</truncated>
    <difficult>0</difficult>
    <bndbox>
      <xmin>316</xmin>
      <ymin>390</ymin>
      <xmax>332</xmax>
      <ymax>411</ymax>
    </bndbox>
  </object>
  <object>
    <name>trafficcone</name>
    <pose>Unspecified</pose>
    <truncated>0</truncated>
    <difficult>0</difficult>
    <bndbox>
      <xmin>655</xmin>
      <ymin>399</ymin>
      <xmax>692</xmax>
      <ymax>426</ymax>
    </bndbox>
  </object>
</annotation>