<annotation>
  <folder>cone_dataset</folder>
  <filename>119.jpg</filename>
  <path>/home/melissafm/Workspace/cone_dataset/119.jpg</path>
  <source>
    <database>Unknown</database>
  </source>
  <size>
    <width>509</width>
    <height>339</height>
    <depth>3</depth>
  </size>
  <segmented>0</segmented>
  <object>
    <name>trafficcone</name>
    <pose>Unspecified</pose>
    <truncated>0</truncated>
    <difficult>0</difficult>
    <bndbox>
      <xmin>73</xmin>
      <ymin>202</ymin>
      <xmax>124</xmax>
      <ymax>304</ymax>
    </bndbox>
  </object>
  <object>
    <name>trafficcone</name>
    <pose>Unspecified</pose>
    <truncated>0</truncated>
    <difficult>0</difficult>
    <bndbox>
      <xmin>112</xmin>
      <ymin>194</ymin>
      <xmax>146</xmax>
      <ymax>274</ymax>
    </bndbox>
  </object>
</annotation>