<annotation>
  <folder>cone_dataset</folder>
  <filename>12.jpg</filename>
  <path>/home/melissafm/Workspace/cone_dataset/12.jpg</path>
  <source>
    <database>Unknown</database>
  </source>
  <size>
    <width>359</width>
    <height>479</height>
    <depth>3</depth>
  </size>
  <segmented>0</segmented>
  <object>
    <name>trafficcone</name>
    <pose>Unspecified</pose>
    <truncated>0</truncated>
    <difficult>0</difficult>
    <bndbox>
      <xmin>127</xmin>
      <ymin>111</ymin>
      <xmax>338</xmax>
      <ymax>432</ymax>
    </bndbox>
  </object>
  <object>
    <name>trafficcone</name>
    <pose>Unspecified</pose>
    <truncated>0</truncated>
    <difficult>0</difficult>
    <bndbox>
      <xmin>96</xmin>
      <ymin>173</ymin>
      <xmax>190</xmax>
      <ymax>314</ymax>
    </bndbox>
  </object>
  <object>
    <name>trafficcone</name>
    <pose>Unspecified</pose>
    <truncated>0</truncated>
    <difficult>0</difficult>
    <bndbox>
      <xmin>68</xmin>
      <ymin>193</ymin>
      <xmax>123</xmax>
      <ymax>286</ymax>
    </bndbox>
  </object>
  <object>
    <name>trafficcone</name>
    <pose>Unspecified</pose>
    <truncated>0</truncated>
    <difficult>0</difficult>
    <bndbox>
      <xmin>56</xmin>
      <ymin>203</ymin>
      <xmax>82</xmax>
      <ymax>275</ymax>
    </bndbox>
  </object>
</annotation>