<annotation>
  <folder>cone_dataset</folder>
  <filename>120.jpg</filename>
  <path>/home/melissafm/Workspace/cone_dataset/120.jpg</path>
  <source>
    <database>Unknown</database>
  </source>
  <size>
    <width>506</width>
    <height>337</height>
    <depth>3</depth>
  </size>
  <segmented>0</segmented>
  <object>
    <name>trafficcone</name>
    <pose>Unspecified</pose>
    <truncated>0</truncated>
    <difficult>0</difficult>
    <bndbox>
      <xmin>264</xmin>
      <ymin>213</ymin>
      <xmax>309</xmax>
      <ymax>308</ymax>
    </bndbox>
  </object>
  <object>
    <name>trafficcone</name>
    <pose>Unspecified</pose>
    <truncated>0</truncated>
    <difficult>0</difficult>
    <bndbox>
      <xmin>463</xmin>
      <ymin>202</ymin>
      <xmax>505</xmax>
      <ymax>287</ymax>
    </bndbox>
  </object>
</annotation>