<annotation>
  <folder>cone_dataset</folder>
  <filename>121.jpg</filename>
  <path>/home/melissafm/Workspace/cone_dataset/121.jpg</path>
  <source>
    <database>Unknown</database>
  </source>
  <size>
    <width>507</width>
    <height>337</height>
    <depth>3</depth>
  </size>
  <segmented>0</segmented>
  <object>
    <name>trafficcone</name>
    <pose>Unspecified</pose>
    <truncated>0</truncated>
    <difficult>0</difficult>
    <bndbox>
      <xmin>279</xmin>
      <ymin>123</ymin>
      <xmax>313</xmax>
      <ymax>174</ymax>
    </bndbox>
  </object>
  <object>
    <name>trafficcone</name>
    <pose>Unspecified</pose>
    <truncated>0</truncated>
    <difficult>0</difficult>
    <bndbox>
      <xmin>85</xmin>
      <ymin>155</ymin>
      <xmax>167</xmax>
      <ymax>335</ymax>
    </bndbox>
  </object>
  <object>
    <name>trafficcone</name>
    <pose>Unspecified</pose>
    <truncated>0</truncated>
    <difficult>0</difficult>
    <bndbox>
      <xmin>257</xmin>
      <ymin>121</ymin>
      <xmax>282</xmax>
      <ymax>157</ymax>
    </bndbox>
  </object>
  <object>
    <name>trafficcone</name>
    <pose>Unspecified</pose>
    <truncated>0</truncated>
    <difficult>0</difficult>
    <bndbox>
      <xmin>210</xmin>
      <ymin>118</ymin>
      <xmax>232</xmax>
      <ymax>152</ymax>
    </bndbox>
  </object>
  <object>
    <name>trafficcone</name>
    <pose>Unspecified</pose>
    <truncated>0</truncated>
    <difficult>0</difficult>
    <bndbox>
      <xmin>235</xmin>
      <ymin>119</ymin>
      <xmax>254</xmax>
      <ymax>152</ymax>
    </bndbox>
  </object>
  <object>
    <name>trafficcone</name>
    <pose>Unspecified</pose>
    <truncated>0</truncated>
    <difficult>0</difficult>
    <bndbox>
      <xmin>188</xmin>
      <ymin>114</ymin>
      <xmax>199</xmax>
      <ymax>138</ymax>
    </bndbox>
  </object>
</annotation>