<annotation>
  <folder>cone_dataset</folder>
  <filename>122.jpg</filename>
  <path>/home/melissafm/Workspace/cone_dataset/122.jpg</path>
  <source>
    <database>Unknown</database>
  </source>
  <size>
    <width>339</width>
    <height>510</height>
    <depth>3</depth>
  </size>
  <segmented>0</segmented>
  <object>
    <name>trafficcone</name>
    <pose>Unspecified</pose>
    <truncated>0</truncated>
    <difficult>0</difficult>
    <bndbox>
      <xmin>145</xmin>
      <ymin>377</ymin>
      <xmax>188</xmax>
      <ymax>446</ymax>
    </bndbox>
  </object>
</annotation>