<annotation>
  <folder>cone_dataset</folder>
  <filename>123.jpg</filename>
  <path>/home/melissafm/Workspace/cone_dataset/123.jpg</path>
  <source>
    <database>Unknown</database>
  </source>
  <size>
    <width>508</width>
    <height>337</height>
    <depth>3</depth>
  </size>
  <segmented>0</segmented>
  <object>
    <name>trafficcone</name>
    <pose>Unspecified</pose>
    <truncated>0</truncated>
    <difficult>0</difficult>
    <bndbox>
      <xmin>41</xmin>
      <ymin>43</ymin>
      <xmax>131</xmax>
      <ymax>240</ymax>
    </bndbox>
  </object>
</annotation>