<annotation>
  <folder>cone_dataset</folder>
  <filename>124.jpg</filename>
  <path>/home/melissafm/Workspace/cone_dataset/124.jpg</path>
  <source>
    <database>Unknown</database>
  </source>
  <size>
    <width>359</width>
    <height>479</height>
    <depth>3</depth>
  </size>
  <segmented>0</segmented>
  <object>
    <name>trafficcone</name>
    <pose>Unspecified</pose>
    <truncated>0</truncated>
    <difficult>0</difficult>
    <bndbox>
      <xmin>126</xmin>
      <ymin>259</ymin>
      <xmax>225</xmax>
      <ymax>402</ymax>
    </bndbox>
  </object>
</annotation>