<annotation>
  <folder>cone_dataset</folder>
  <filename>125.jpg</filename>
  <path>/home/melissafm/Workspace/cone_dataset/125.jpg</path>
  <source>
    <database>Unknown</database>
  </source>
  <size>
    <width>507</width>
    <height>338</height>
    <depth>3</depth>
  </size>
  <segmented>0</segmented>
  <object>
    <name>trafficcone</name>
    <pose>Unspecified</pose>
    <truncated>0</truncated>
    <difficult>0</difficult>
    <bndbox>
      <xmin>200</xmin>
      <ymin>93</ymin>
      <xmax>306</xmax>
      <ymax>261</ymax>
    </bndbox>
  </object>
</annotation>