<annotation>
  <folder>cone_dataset</folder>
  <filename>126.jpg</filename>
  <path>/home/melissafm/Workspace/cone_dataset/126.jpg</path>
  <source>
    <database>Unknown</database>
  </source>
  <size>
    <width>338</width>
    <height>507</height>
    <depth>3</depth>
  </size>
  <segmented>0</segmented>
  <object>
    <name>trafficcone</name>
    <pose>Unspecified</pose>
    <truncated>0</truncated>
    <difficult>0</difficult>
    <bndbox>
      <xmin>11</xmin>
      <ymin>35</ymin>
      <xmax>323</xmax>
      <ymax>480</ymax>
    </bndbox>
  </object>
</annotation>