<annotation>
  <folder>cone_dataset</folder>
  <filename>129.jpg</filename>
  <path>/home/melissafm/Workspace/cone_dataset/129.jpg</path>
  <source>
    <database>Unknown</database>
  </source>
  <size>
    <width>509</width>
    <height>339</height>
    <depth>3</depth>
  </size>
  <segmented>0</segmented>
  <object>
    <name>trafficcone</name>
    <pose>Unspecified</pose>
    <truncated>0</truncated>
    <difficult>0</difficult>
    <bndbox>
      <xmin>317</xmin>
      <ymin>205</ymin>
      <xmax>386</xmax>
      <ymax>319</ymax>
    </bndbox>
  </object>
  <object>
    <name>trafficcone</name>
    <pose>Unspecified</pose>
    <truncated>0</truncated>
    <difficult>0</difficult>
    <bndbox>
      <xmin>97</xmin>
      <ymin>211</ymin>
      <xmax>156</xmax>
      <ymax>314</ymax>
    </bndbox>
  </object>
  <object>
    <name>trafficcone</name>
    <pose>Unspecified</pose>
    <truncated>0</truncated>
    <difficult>0</difficult>
    <bndbox>
      <xmin>17</xmin>
      <ymin>225</ymin>
      <xmax>45</xmax>
      <ymax>275</ymax>
    </bndbox>
  </object>
  <object>
    <name>trafficcone</name>
    <pose>Unspecified</pose>
    <truncated>0</truncated>
    <difficult>0</difficult>
    <bndbox>
      <xmin>283</xmin>
      <ymin>216</ymin>
      <xmax>316</xmax>
      <ymax>290</ymax>
    </bndbox>
  </object>
  <object>
    <name>trafficcone</name>
    <pose>Unspecified</pose>
    <truncated>0</truncated>
    <difficult>0</difficult>
    <bndbox>
      <xmin>407</xmin>
      <ymin>220</ymin>
      <xmax>445</xmax>
      <ymax>282</ymax>
    </bndbox>
  </object>
</annotation>