<annotation>
  <folder>cone_dataset</folder>
  <filename>13.jpg</filename>
  <path>/home/melissafm/Workspace/cone_dataset/13.jpg</path>
  <source>
    <database>Unknown</database>
  </source>
  <size>
    <width>414</width>
    <height>414</height>
    <depth>3</depth>
  </size>
  <segmented>0</segmented>
  <object>
    <name>trafficcone</name>
    <pose>Unspecified</pose>
    <truncated>0</truncated>
    <difficult>0</difficult>
    <bndbox>
      <xmin>236</xmin>
      <ymin>130</ymin>
      <xmax>378</xmax>
      <ymax>364</ymax>
    </bndbox>
  </object>
  <object>
    <name>trafficcone</name>
    <pose>Unspecified</pose>
    <truncated>0</truncated>
    <difficult>0</difficult>
    <bndbox>
      <xmin>158</xmin>
      <ymin>96</ymin>
      <xmax>255</xmax>
      <ymax>267</ymax>
    </bndbox>
  </object>
  <object>
    <name>trafficcone</name>
    <pose>Unspecified</pose>
    <truncated>0</truncated>
    <difficult>0</difficult>
    <bndbox>
      <xmin>91</xmin>
      <ymin>77</ymin>
      <xmax>169</xmax>
      <ymax>218</ymax>
    </bndbox>
  </object>
  <object>
    <name>trafficcone</name>
    <pose>Unspecified</pose>
    <truncated>0</truncated>
    <difficult>0</difficult>
    <bndbox>
      <xmin>36</xmin>
      <ymin>63</ymin>
      <xmax>107</xmax>
      <ymax>185</ymax>
    </bndbox>
  </object>
</annotation>