<annotation>
  <folder>cone_dataset</folder>
  <filename>130.jpg</filename>
  <path>/home/melissafm/Workspace/cone_dataset/130.jpg</path>
  <source>
    <database>Unknown</database>
  </source>
  <size>
    <width>396</width>
    <height>430</height>
    <depth>3</depth>
  </size>
  <segmented>0</segmented>
  <object>
    <name>trafficcone</name>
    <pose>Unspecified</pose>
    <truncated>0</truncated>
    <difficult>0</difficult>
    <bndbox>
      <xmin>151</xmin>
      <ymin>50</ymin>
      <xmax>302</xmax>
      <ymax>277</ymax>
    </bndbox>
  </object>
</annotation>