<annotation>
  <folder>cone_dataset</folder>
  <filename>131.jpg</filename>
  <path>/home/melissafm/Workspace/cone_dataset/131.jpg</path>
  <source>
    <database>Unknown</database>
  </source>
  <size>
    <width>375</width>
    <height>458</height>
    <depth>3</depth>
  </size>
  <segmented>0</segmented>
  <object>
    <name>trafficcone</name>
    <pose>Unspecified</pose>
    <truncated>0</truncated>
    <difficult>0</difficult>
    <bndbox>
      <xmin>75</xmin>
      <ymin>46</ymin>
      <xmax>296</xmax>
      <ymax>399</ymax>
    </bndbox>
  </object>
</annotation>