<annotation>
  <folder>cone_dataset</folder>
  <filename>132.jpg</filename>
  <path>/home/melissafm/Workspace/cone_dataset/132.jpg</path>
  <source>
    <database>Unknown</database>
  </source>
  <size>
    <width>507</width>
    <height>338</height>
    <depth>3</depth>
  </size>
  <segmented>0</segmented>
  <object>
    <name>trafficcone</name>
    <pose>Unspecified</pose>
    <truncated>0</truncated>
    <difficult>0</difficult>
    <bndbox>
      <xmin>58</xmin>
      <ymin>63</ymin>
      <xmax>192</xmax>
      <ymax>298</ymax>
    </bndbox>
  </object>
  <object>
    <name>trafficcone</name>
    <pose>Unspecified</pose>
    <truncated>0</truncated>
    <difficult>0</difficult>
    <bndbox>
      <xmin>205</xmin>
      <ymin>135</ymin>
      <xmax>381</xmax>
      <ymax>301</ymax>
    </bndbox>
  </object>
</annotation>