<annotation>
  <folder>cone_dataset</folder>
  <filename>134.jpg</filename>
  <path>/home/melissafm/Workspace/cone_dataset/134.jpg</path>
  <source>
    <database>Unknown</database>
  </source>
  <size>
    <width>414</width>
    <height>414</height>
    <depth>3</depth>
  </size>
  <segmented>0</segmented>
  <object>
    <name>trafficcone</name>
    <pose>Unspecified</pose>
    <truncated>0</truncated>
    <difficult>0</difficult>
    <bndbox>
      <xmin>86</xmin>
      <ymin>6</ymin>
      <xmax>326</xmax>
      <ymax>406</ymax>
    </bndbox>
  </object>
</annotation>