<annotation>
  <folder>cone_dataset</folder>
  <filename>135.jpg</filename>
  <path>/home/melissafm/Workspace/cone_dataset/135.jpg</path>
  <source>
    <database>Unknown</database>
  </source>
  <size>
    <width>478</width>
    <height>359</height>
    <depth>3</depth>
  </size>
  <segmented>0</segmented>
  <object>
    <name>trafficcone</name>
    <pose>Unspecified</pose>
    <truncated>0</truncated>
    <difficult>0</difficult>
    <bndbox>
      <xmin>140</xmin>
      <ymin>135</ymin>
      <xmax>287</xmax>
      <ymax>301</ymax>
    </bndbox>
  </object>
  <object>
    <name>trafficcone</name>
    <pose>Unspecified</pose>
    <truncated>0</truncated>
    <difficult>0</difficult>
    <bndbox>
      <xmin>39</xmin>
      <ymin>111</ymin>
      <xmax>167</xmax>
      <ymax>248</ymax>
    </bndbox>
  </object>
  <object>
    <name>trafficcone</name>
    <pose>Unspecified</pose>
    <truncated>0</truncated>
    <difficult>0</difficult>
    <bndbox>
      <xmin>320</xmin>
      <ymin>85</ymin>
      <xmax>439</xmax>
      <ymax>208</ymax>
    </bndbox>
  </object>
  <object>
    <name>trafficcone</name>
    <pose>Unspecified</pose>
    <truncated>0</truncated>
    <difficult>0</difficult>
    <bndbox>
      <xmin>236</xmin>
      <ymin>93</ymin>
      <xmax>311</xmax>
      <ymax>214</ymax>
    </bndbox>
  </object>
  <object>
    <name>trafficcone</name>
    <pose>Unspecified</pose>
    <truncated>0</truncated>
    <difficult>0</difficult>
    <bndbox>
      <xmin>124</xmin>
      <ymin>57</ymin>
      <xmax>215</xmax>
      <ymax>134</ymax>
    </bndbox>
  </object>
</annotation>