<annotation>
  <folder>cone_dataset</folder>
  <filename>136.jpg</filename>
  <path>/home/melissafm/Workspace/cone_dataset/136.jpg</path>
  <source>
    <database>Unknown</database>
  </source>
  <size>
    <width>837</width>
    <height>1024</height>
    <depth>3</depth>
  </size>
  <segmented>0</segmented>
  <object>
    <name>trafficcone</name>
    <pose>Unspecified</pose>
    <truncated>0</truncated>
    <difficult>0</difficult>
    <bndbox>
      <xmin>124</xmin>
      <ymin>707</ymin>
      <xmax>272</xmax>
      <ymax>986</ymax>
    </bndbox>
  </object>
  <object>
    <name>trafficcone</name>
    <pose>Unspecified</pose>
    <truncated>0</truncated>
    <difficult>0</difficult>
    <bndbox>
      <xmin>265</xmin>
      <ymin>627</ymin>
      <xmax>379</xmax>
      <ymax>841</ymax>
    </bndbox>
  </object>
  <object>
    <name>trafficcone</name>
    <pose>Unspecified</pose>
    <truncated>0</truncated>
    <difficult>0</difficult>
    <bndbox>
      <xmin>492</xmin>
      <ymin>488</ymin>
      <xmax>563</xmax>
      <ymax>625</ymax>
    </bndbox>
  </object>
  <object>
    <name>trafficcone</name>
    <pose>Unspecified</pose>
    <truncated>0</truncated>
    <difficult>0</difficult>
    <bndbox>
      <xmin>571</xmin>
      <ymin>416</ymin>
      <xmax>642</xmax>
      <ymax>527</ymax>
    </bndbox>
  </object>
  <object>
    <name>trafficcone</name>
    <pose>Unspecified</pose>
    <truncated>0</truncated>
    <difficult>0</difficult>
    <bndbox>
      <xmin>645</xmin>
      <ymin>364</ymin>
      <xmax>707</xmax>
      <ymax>448</ymax>
    </bndbox>
  </object>
  <object>
    <name>trafficcone</name>
    <pose>Unspecified</pose>
    <truncated>0</truncated>
    <difficult>0</difficult>
    <bndbox>
      <xmin>717</xmin>
      <ymin>315</ymin>
      <xmax>763</xmax>
      <ymax>383</ymax>
    </bndbox>
  </object>
  <object>
    <name>trafficcone</name>
    <pose>Unspecified</pose>
    <truncated>0</truncated>
    <difficult>0</difficult>
    <bndbox>
      <xmin>777</xmin>
      <ymin>273</ymin>
      <xmax>811</xmax>
      <ymax>335</ymax>
    </bndbox>
  </object>
</annotation>