<annotation>
  <folder>cone_dataset</folder>
  <filename>137.jpg</filename>
  <path>/home/melissafm/Workspace/cone_dataset/137.jpg</path>
  <source>
    <database>Unknown</database>
  </source>
  <size>
    <width>507</width>
    <height>338</height>
    <depth>3</depth>
  </size>
  <segmented>0</segmented>
  <object>
    <name>trafficcone</name>
    <pose>Unspecified</pose>
    <truncated>0</truncated>
    <difficult>0</difficult>
    <bndbox>
      <xmin>349</xmin>
      <ymin>94</ymin>
      <xmax>488</xmax>
      <ymax>294</ymax>
    </bndbox>
  </object>
  <object>
    <name>trafficcone</name>
    <pose>Unspecified</pose>
    <truncated>0</truncated>
    <difficult>0</difficult>
    <bndbox>
      <xmin>121</xmin>
      <ymin>170</ymin>
      <xmax>300</xmax>
      <ymax>288</ymax>
    </bndbox>
  </object>
  <object>
    <name>trafficcone</name>
    <pose>Unspecified</pose>
    <truncated>0</truncated>
    <difficult>0</difficult>
    <bndbox>
      <xmin>284</xmin>
      <ymin>103</ymin>
      <xmax>360</xmax>
      <ymax>258</ymax>
    </bndbox>
  </object>
</annotation>