<annotation>
  <folder>cone_dataset</folder>
  <filename>139.jpg</filename>
  <path>/home/melissafm/Workspace/cone_dataset/139.jpg</path>
  <source>
    <database>Unknown</database>
  </source>
  <size>
    <width>340</width>
    <height>508</height>
    <depth>3</depth>
  </size>
  <segmented>0</segmented>
  <object>
    <name>trafficcone</name>
    <pose>Unspecified</pose>
    <truncated>0</truncated>
    <difficult>0</difficult>
    <bndbox>
      <xmin>216</xmin>
      <ymin>262</ymin>
      <xmax>311</xmax>
      <ymax>460</ymax>
    </bndbox>
  </object>
  <object>
    <name>trafficcone</name>
    <pose>Unspecified</pose>
    <truncated>0</truncated>
    <difficult>0</difficult>
    <bndbox>
      <xmin>28</xmin>
      <ymin>267</ymin>
      <xmax>116</xmax>
      <ymax>454</ymax>
    </bndbox>
  </object>
  <object>
    <name>trafficcone</name>
    <pose>Unspecified</pose>
    <truncated>0</truncated>
    <difficult>0</difficult>
    <bndbox>
      <xmin>5</xmin>
      <ymin>253</ymin>
      <xmax>52</xmax>
      <ymax>381</ymax>
    </bndbox>
  </object>
  <object>
    <name>trafficcone</name>
    <pose>Unspecified</pose>
    <truncated>0</truncated>
    <difficult>0</difficult>
    <bndbox>
      <xmin>280</xmin>
      <ymin>247</ymin>
      <xmax>331</xmax>
      <ymax>378</ymax>
    </bndbox>
  </object>
</annotation>