<annotation>
  <folder>cone_dataset</folder>
  <filename>14.jpg</filename>
  <path>/home/melissafm/Workspace/cone_dataset/14.jpg</path>
  <source>
    <database>Unknown</database>
  </source>
  <size>
    <width>359</width>
    <height>479</height>
    <depth>3</depth>
  </size>
  <segmented>0</segmented>
  <object>
    <name>trafficcone</name>
    <pose>Unspecified</pose>
    <truncated>0</truncated>
    <difficult>0</difficult>
    <bndbox>
      <xmin>121</xmin>
      <ymin>108</ymin>
      <xmax>340</xmax>
      <ymax>432</ymax>
    </bndbox>
  </object>
  <object>
    <name>trafficcone</name>
    <pose>Unspecified</pose>
    <truncated>0</truncated>
    <difficult>0</difficult>
    <bndbox>
      <xmin>96</xmin>
      <ymin>175</ymin>
      <xmax>191</xmax>
      <ymax>312</ymax>
    </bndbox>
  </object>
  <object>
    <name>trafficcone</name>
    <pose>Unspecified</pose>
    <truncated>0</truncated>
    <difficult>0</difficult>
    <bndbox>
      <xmin>79</xmin>
      <ymin>195</ymin>
      <xmax>112</xmax>
      <ymax>284</ymax>
    </bndbox>
  </object>
  <object>
    <name>trafficcone</name>
    <pose>Unspecified</pose>
    <truncated>0</truncated>
    <difficult>0</difficult>
    <bndbox>
      <xmin>54</xmin>
      <ymin>205</ymin>
      <xmax>85</xmax>
      <ymax>276</ymax>
    </bndbox>
  </object>
  <object>
    <name>trafficcone</name>
    <pose>Unspecified</pose>
    <truncated>0</truncated>
    <difficult>0</difficult>
    <bndbox>
      <xmin>38</xmin>
      <ymin>213</ymin>
      <xmax>54</xmax>
      <ymax>263</ymax>
    </bndbox>
  </object>
</annotation>