<annotation>
  <folder>cone_dataset</folder>
  <filename>140.jpg</filename>
  <path>/home/melissafm/Workspace/cone_dataset/140.jpg</path>
  <source>
    <database>Unknown</database>
  </source>
  <size>
    <width>337</width>
    <height>506</height>
    <depth>3</depth>
  </size>
  <segmented>0</segmented>
  <object>
    <name>trafficcone</name>
    <pose>Unspecified</pose>
    <truncated>0</truncated>
    <difficult>0</difficult>
    <bndbox>
      <xmin>191</xmin>
      <ymin>168</ymin>
      <xmax>305</xmax>
      <ymax>391</ymax>
    </bndbox>
  </object>
</annotation>