<annotation>
  <folder>cone_dataset</folder>
  <filename>141.jpg</filename>
  <path>/home/melissafm/Workspace/cone_dataset/141.jpg</path>
  <source>
    <database>Unknown</database>
  </source>
  <size>
    <width>337</width>
    <height>508</height>
    <depth>3</depth>
  </size>
  <segmented>0</segmented>
  <object>
    <name>trafficcone</name>
    <pose>Unspecified</pose>
    <truncated>0</truncated>
    <difficult>0</difficult>
    <bndbox>
      <xmin>58</xmin>
      <ymin>53</ymin>
      <xmax>266</xmax>
      <ymax>461</ymax>
    </bndbox>
  </object>
</annotation>