<annotation>
	<folder>cone_dataset</folder>
	<filename>143.jpg</filename>
	<path>C:\Users\65441\Desktop\cone_dataset\143.jpg</path>
	<source>
		<database>Unknown</database>
	</source>
	<size>
		<width>338</width>
		<height>507</height>
		<depth>3</depth>
	</size>
	<segmented>0</segmented>
	<object>
		<name>trafficcone</name>
		<pose>Unspecified</pose>
		<truncated>0</truncated>
		<difficult>0</difficult>
		<bndbox>
			<xmin>138</xmin>
			<ymin>162</ymin>
			<xmax>300</xmax>
			<ymax>471</ymax>
		</bndbox>
	</object>
</annotation>