<annotation>
	<folder>cone_dataset</folder>
	<filename>146.jpg</filename>
	<path>C:\Users\65441\Desktop\cone_dataset\146.jpg</path>
	<source>
		<database>Unknown</database>
	</source>
	<size>
		<width>336</width>
		<height>509</height>
		<depth>3</depth>
	</size>
	<segmented>0</segmented>
	<object>
		<name>trafficcone</name>
		<pose>Unspecified</pose>
		<truncated>1</truncated>
		<difficult>0</difficult>
		<bndbox>
			<xmin>89</xmin>
			<ymin>122</ymin>
			<xmax>335</xmax>
			<ymax>509</ymax>
		</bndbox>
	</object>
</annotation>