<annotation>
	<folder>cone_dataset</folder>
	<filename>147.jpg</filename>
	<path>C:\Users\65441\Desktop\cone_dataset\147.jpg</path>
	<source>
		<database>Unknown</database>
	</source>
	<size>
		<width>347</width>
		<height>491</height>
		<depth>3</depth>
	</size>
	<segmented>0</segmented>
	<object>
		<name>trafficcone</name>
		<pose>Unspecified</pose>
		<truncated>0</truncated>
		<difficult>0</difficult>
		<bndbox>
			<xmin>47</xmin>
			<ymin>132</ymin>
			<xmax>237</xmax>
			<ymax>450</ymax>
		</bndbox>
	</object>
</annotation>