<annotation>
	<folder>cone_dataset</folder>
	<filename>148.jpg</filename>
	<path>C:\Users\65441\Desktop\cone_dataset\148.jpg</path>
	<source>
		<database>Unknown</database>
	</source>
	<size>
		<width>507</width>
		<height>337</height>
		<depth>3</depth>
	</size>
	<segmented>0</segmented>
	<object>
		<name>trafficcone</name>
		<pose>Unspecified</pose>
		<truncated>0</truncated>
		<difficult>0</difficult>
		<bndbox>
			<xmin>15</xmin>
			<ymin>18</ymin>
			<xmax>173</xmax>
			<ymax>325</ymax>
		</bndbox>
	</object>
	<object>
		<name>trafficcone</name>
		<pose>Unspecified</pose>
		<truncated>1</truncated>
		<difficult>0</difficult>
		<bndbox>
			<xmin>349</xmin>
			<ymin>23</ymin>
			<xmax>507</xmax>
			<ymax>327</ymax>
		</bndbox>
	</object>
</annotation>