<annotation>
	<folder>cone_dataset</folder>
	<filename>149.jpg</filename>
	<path>C:\Users\65441\Desktop\cone_dataset\149.jpg</path>
	<source>
		<database>Unknown</database>
	</source>
	<size>
		<width>509</width>
		<height>339</height>
		<depth>3</depth>
	</size>
	<segmented>0</segmented>
	<object>
		<name>trafficcone</name>
		<pose>Unspecified</pose>
		<truncated>0</truncated>
		<difficult>0</difficult>
		<bndbox>
			<xmin>18</xmin>
			<ymin>104</ymin>
			<xmax>93</xmax>
			<ymax>212</ymax>
		</bndbox>
	</object>
	<object>
		<name>trafficcone</name>
		<pose>Unspecified</pose>
		<truncated>0</truncated>
		<difficult>0</difficult>
		<bndbox>
			<xmin>141</xmin>
			<ymin>108</ymin>
			<xmax>214</xmax>
			<ymax>211</ymax>
		</bndbox>
	</object>
</annotation>