<annotation>
	<folder>cone_dataset</folder>
	<filename>15.jpg</filename>
	<path>C:\Users\65441\Desktop\cone_dataset\15.jpg</path>
	<source>
		<database>Unknown</database>
	</source>
	<size>
		<width>478</width>
		<height>359</height>
		<depth>3</depth>
	</size>
	<segmented>0</segmented>
	<object>
		<name>trafficcone</name>
		<pose>Unspecified</pose>
		<truncated>0</truncated>
		<difficult>0</difficult>
		<bndbox>
			<xmin>190</xmin>
			<ymin>51</ymin>
			<xmax>356</xmax>
			<ymax>287</ymax>
		</bndbox>
	</object>
	<object>
		<name>trafficcone</name>
		<pose>Unspecified</pose>
		<truncated>0</truncated>
		<difficult>0</difficult>
		<bndbox>
			<xmin>384</xmin>
			<ymin>166</ymin>
			<xmax>449</xmax>
			<ymax>261</ymax>
		</bndbox>
	</object>
</annotation>