<annotation>
	<folder>cone_dataset</folder>
	<filename>152.jpg</filename>
	<path>C:\Users\65441\Desktop\cone_dataset\152.jpg</path>
	<source>
		<database>Unknown</database>
	</source>
	<size>
		<width>509</width>
		<height>339</height>
		<depth>3</depth>
	</size>
	<segmented>0</segmented>
	<object>
		<name>trafficcone</name>
		<pose>Unspecified</pose>
		<truncated>0</truncated>
		<difficult>0</difficult>
		<bndbox>
			<xmin>278</xmin>
			<ymin>60</ymin>
			<xmax>388</xmax>
			<ymax>196</ymax>
		</bndbox>
	</object>
</annotation>