<annotation>
	<folder>cone_dataset</folder>
	<filename>156.jpg</filename>
	<path>C:\Users\65441\Desktop\cone_dataset\156.jpg</path>
	<source>
		<database>Unknown</database>
	</source>
	<size>
		<width>508</width>
		<height>340</height>
		<depth>3</depth>
	</size>
	<segmented>0</segmented>
	<object>
		<name>trafficcone</name>
		<pose>Unspecified</pose>
		<truncated>0</truncated>
		<difficult>0</difficult>
		<bndbox>
			<xmin>208</xmin>
			<ymin>94</ymin>
			<xmax>322</xmax>
			<ymax>270</ymax>
		</bndbox>
	</object>
</annotation>