<annotation>
	<folder>cone_dataset</folder>
	<filename>157.jpg</filename>
	<path>C:\Users\65441\Desktop\cone_dataset\157.jpg</path>
	<source>
		<database>Unknown</database>
	</source>
	<size>
		<width>552</width>
		<height>312</height>
		<depth>3</depth>
	</size>
	<segmented>0</segmented>
	<object>
		<name>trafficcone</name>
		<pose>Unspecified</pose>
		<truncated>1</truncated>
		<difficult>0</difficult>
		<bndbox>
			<xmin>51</xmin>
			<ymin>1</ymin>
			<xmax>313</xmax>
			<ymax>262</ymax>
		</bndbox>
	</object>
</annotation>