<annotation>
	<folder>cone_dataset</folder>
	<filename>158.jpg</filename>
	<path>C:\Users\65441\Desktop\cone_dataset\158.jpg</path>
	<source>
		<database>Unknown</database>
	</source>
	<size>
		<width>1023</width>
		<height>1024</height>
		<depth>3</depth>
	</size>
	<segmented>0</segmented>
	<object>
		<name>trafficcone</name>
		<pose>Unspecified</pose>
		<truncated>0</truncated>
		<difficult>0</difficult>
		<bndbox>
			<xmin>685</xmin>
			<ymin>430</ymin>
			<xmax>955</xmax>
			<ymax>921</ymax>
		</bndbox>
	</object>
</annotation>