<annotation>
	<folder>cone_dataset</folder>
	<filename>16.jpg</filename>
	<path>C:\Users\65441\Desktop\cone_dataset\16.jpg</path>
	<source>
		<database>Unknown</database>
	</source>
	<size>
		<width>478</width>
		<height>359</height>
		<depth>3</depth>
	</size>
	<segmented>0</segmented>
	<object>
		<name>trafficcone</name>
		<pose>Unspecified</pose>
		<truncated>0</truncated>
		<difficult>0</difficult>
		<bndbox>
			<xmin>43</xmin>
			<ymin>102</ymin>
			<xmax>214</xmax>
			<ymax>333</ymax>
		</bndbox>
	</object>
</annotation>