<annotation>
	<folder>cone_dataset</folder>
	<filename>160.jpg</filename>
	<path>C:\Users\65441\Desktop\cone_dataset\160.jpg</path>
	<source>
		<database>Unknown</database>
	</source>
	<size>
		<width>479</width>
		<height>359</height>
		<depth>3</depth>
	</size>
	<segmented>0</segmented>
	<object>
		<name>trafficcone</name>
		<pose>Unspecified</pose>
		<truncated>0</truncated>
		<difficult>0</difficult>
		<bndbox>
			<xmin>149</xmin>
			<ymin>9</ymin>
			<xmax>259</xmax>
			<ymax>157</ymax>
		</bndbox>
	</object>
</annotation>