<annotation>
	<folder>cone_dataset</folder>
	<filename>162.jpg</filename>
	<path>C:\Users\65441\Desktop\cone_dataset\162.jpg</path>
	<source>
		<database>Unknown</database>
	</source>
	<size>
		<width>339</width>
		<height>509</height>
		<depth>3</depth>
	</size>
	<segmented>0</segmented>
	<object>
		<name>trafficcone</name>
		<pose>Unspecified</pose>
		<truncated>0</truncated>
		<difficult>0</difficult>
		<bndbox>
			<xmin>12</xmin>
			<ymin>257</ymin>
			<xmax>55</xmax>
			<ymax>331</ymax>
		</bndbox>
	</object>
	<object>
		<name>trafficcone</name>
		<pose>Unspecified</pose>
		<truncated>0</truncated>
		<difficult>0</difficult>
		<bndbox>
			<xmin>59</xmin>
			<ymin>257</ymin>
			<xmax>99</xmax>
			<ymax>332</ymax>
		</bndbox>
	</object>
	<object>
		<name>trafficcone</name>
		<pose>Unspecified</pose>
		<truncated>0</truncated>
		<difficult>0</difficult>
		<bndbox>
			<xmin>102</xmin>
			<ymin>255</ymin>
			<xmax>143</xmax>
			<ymax>331</ymax>
		</bndbox>
	</object>
	<object>
		<name>trafficcone</name>
		<pose>Unspecified</pose>
		<truncated>0</truncated>
		<difficult>0</difficult>
		<bndbox>
			<xmin>143</xmin>
			<ymin>253</ymin>
			<xmax>186</xmax>
			<ymax>328</ymax>
		</bndbox>
	</object>
	<object>
		<name>trafficcone</name>
		<pose>Unspecified</pose>
		<truncated>0</truncated>
		<difficult>0</difficult>
		<bndbox>
			<xmin>184</xmin>
			<ymin>254</ymin>
			<xmax>224</xmax>
			<ymax>325</ymax>
		</bndbox>
	</object>
	<object>
		<name>trafficcone</name>
		<pose>Unspecified</pose>
		<truncated>0</truncated>
		<difficult>0</difficult>
		<bndbox>
			<xmin>228</xmin>
			<ymin>253</ymin>
			<xmax>263</xmax>
			<ymax>325</ymax>
		</bndbox>
	</object>
	<object>
		<name>trafficcone</name>
		<pose>Unspecified</pose>
		<truncated>0</truncated>
		<difficult>0</difficult>
		<bndbox>
			<xmin>267</xmin>
			<ymin>254</ymin>
			<xmax>302</xmax>
			<ymax>322</ymax>
		</bndbox>
	</object>
	<object>
		<name>trafficcone</name>
		<pose>Unspecified</pose>
		<truncated>0</truncated>
		<difficult>0</difficult>
		<bndbox>
			<xmin>303</xmin>
			<ymin>253</ymin>
			<xmax>335</xmax>
			<ymax>321</ymax>
		</bndbox>
	</object>
</annotation>