<annotation>
	<folder>cone_dataset</folder>
	<filename>167.jpg</filename>
	<path>C:\Users\65441\Desktop\cone_dataset\167.jpg</path>
	<source>
		<database>Unknown</database>
	</source>
	<size>
		<width>512</width>
		<height>336</height>
		<depth>3</depth>
	</size>
	<segmented>0</segmented>
	<object>
		<name>trafficcone</name>
		<pose>Unspecified</pose>
		<truncated>0</truncated>
		<difficult>0</difficult>
		<bndbox>
			<xmin>7</xmin>
			<ymin>156</ymin>
			<xmax>92</xmax>
			<ymax>294</ymax>
		</bndbox>
	</object>
	<object>
		<name>trafficcone</name>
		<pose>Unspecified</pose>
		<truncated>0</truncated>
		<difficult>0</difficult>
		<bndbox>
			<xmin>137</xmin>
			<ymin>156</ymin>
			<xmax>217</xmax>
			<ymax>301</ymax>
		</bndbox>
	</object>
	<object>
		<name>trafficcone</name>
		<pose>Unspecified</pose>
		<truncated>0</truncated>
		<difficult>0</difficult>
		<bndbox>
			<xmin>341</xmin>
			<ymin>159</ymin>
			<xmax>412</xmax>
			<ymax>294</ymax>
		</bndbox>
	</object>
	<object>
		<name>trafficcone</name>
		<pose>Unspecified</pose>
		<truncated>0</truncated>
		<difficult>0</difficult>
		<bndbox>
			<xmin>413</xmin>
			<ymin>161</ymin>
			<xmax>493</xmax>
			<ymax>297</ymax>
		</bndbox>
	</object>
</annotation>