<annotation>
	<folder>cone_dataset</folder>
	<filename>168.jpg</filename>
	<path>C:\Users\65441\Desktop\cone_dataset\168.jpg</path>
	<source>
		<database>Unknown</database>
	</source>
	<size>
		<width>768</width>
		<height>1024</height>
		<depth>3</depth>
	</size>
	<segmented>0</segmented>
	<object>
		<name>trafficcone</name>
		<pose>Unspecified</pose>
		<truncated>0</truncated>
		<difficult>0</difficult>
		<bndbox>
			<xmin>273</xmin>
			<ymin>435</ymin>
			<xmax>470</xmax>
			<ymax>907</ymax>
		</bndbox>
	</object>
	<object>
		<name>trafficcone</name>
		<pose>Unspecified</pose>
		<truncated>0</truncated>
		<difficult>0</difficult>
		<bndbox>
			<xmin>370</xmin>
			<ymin>379</ymin>
			<xmax>426</xmax>
			<ymax>531</ymax>
		</bndbox>
	</object>
</annotation>