<annotation>
	<folder>cone_dataset</folder>
	<filename>169.jpg</filename>
	<path>C:\Users\65441\Desktop\cone_dataset\169.jpg</path>
	<source>
		<database>Unknown</database>
	</source>
	<size>
		<width>359</width>
		<height>479</height>
		<depth>3</depth>
	</size>
	<segmented>0</segmented>
	<object>
		<name>trafficcone</name>
		<pose>Unspecified</pose>
		<truncated>0</truncated>
		<difficult>0</difficult>
		<bndbox>
			<xmin>60</xmin>
			<ymin>309</ymin>
			<xmax>172</xmax>
			<ymax>470</ymax>
		</bndbox>
	</object>
	<object>
		<name>trafficcone</name>
		<pose>Unspecified</pose>
		<truncated>0</truncated>
		<difficult>0</difficult>
		<bndbox>
			<xmin>157</xmin>
			<ymin>216</ymin>
			<xmax>245</xmax>
			<ymax>357</ymax>
		</bndbox>
	</object>
	<object>
		<name>trafficcone</name>
		<pose>Unspecified</pose>
		<truncated>0</truncated>
		<difficult>0</difficult>
		<bndbox>
			<xmin>238</xmin>
			<ymin>171</ymin>
			<xmax>317</xmax>
			<ymax>293</ymax>
		</bndbox>
	</object>
</annotation>