<annotation>
	<folder>cone_dataset</folder>
	<filename>171.jpg</filename>
	<path>C:\Users\65441\Desktop\cone_dataset\171.jpg</path>
	<source>
		<database>Unknown</database>
	</source>
	<size>
		<width>359</width>
		<height>479</height>
		<depth>3</depth>
	</size>
	<segmented>0</segmented>
	<object>
		<name>trafficcone</name>
		<pose>Unspecified</pose>
		<truncated>0</truncated>
		<difficult>0</difficult>
		<bndbox>
			<xmin>198</xmin>
			<ymin>149</ymin>
			<xmax>331</xmax>
			<ymax>406</ymax>
		</bndbox>
	</object>
</annotation>