<annotation>
	<folder>cone_dataset</folder>
	<filename>172.jpg</filename>
	<path>C:\Users\65441\Desktop\cone_dataset\172.jpg</path>
	<source>
		<database>Unknown</database>
	</source>
	<size>
		<width>359</width>
		<height>479</height>
		<depth>3</depth>
	</size>
	<segmented>0</segmented>
	<object>
		<name>trafficcone</name>
		<pose>Unspecified</pose>
		<truncated>1</truncated>
		<difficult>0</difficult>
		<bndbox>
			<xmin>204</xmin>
			<ymin>347</ymin>
			<xmax>295</xmax>
			<ymax>479</ymax>
		</bndbox>
	</object>
</annotation>