<annotation>
	<folder>cone_dataset</folder>
	<filename>173.jpg</filename>
	<path>C:\Users\65441\Desktop\cone_dataset\173.jpg</path>
	<source>
		<database>Unknown</database>
	</source>
	<size>
		<width>557</width>
		<height>311</height>
		<depth>3</depth>
	</size>
	<segmented>0</segmented>
	<object>
		<name>trafficcone</name>
		<pose>Unspecified</pose>
		<truncated>0</truncated>
		<difficult>0</difficult>
		<bndbox>
			<xmin>70</xmin>
			<ymin>56</ymin>
			<xmax>122</xmax>
			<ymax>140</ymax>
		</bndbox>
	</object>
	<object>
		<name>trafficcone</name>
		<pose>Unspecified</pose>
		<truncated>0</truncated>
		<difficult>0</difficult>
		<bndbox>
			<xmin>417</xmin>
			<ymin>45</ymin>
			<xmax>472</xmax>
			<ymax>134</ymax>
		</bndbox>
	</object>
</annotation>