<annotation>
	<folder>cone_dataset</folder>
	<filename>174.jpg</filename>
	<path>C:\Users\65441\Desktop\cone_dataset\174.jpg</path>
	<source>
		<database>Unknown</database>
	</source>
	<size>
		<width>511</width>
		<height>339</height>
		<depth>3</depth>
	</size>
	<segmented>0</segmented>
	<object>
		<name>trafficcone</name>
		<pose>Unspecified</pose>
		<truncated>0</truncated>
		<difficult>0</difficult>
		<bndbox>
			<xmin>233</xmin>
			<ymin>228</ymin>
			<xmax>306</xmax>
			<ymax>335</ymax>
		</bndbox>
	</object>
</annotation>