<annotation>
	<folder>cone_dataset</folder>
	<filename>175.jpg</filename>
	<path>C:\Users\65441\Desktop\cone_dataset\175.jpg</path>
	<source>
		<database>Unknown</database>
	</source>
	<size>
		<width>338</width>
		<height>507</height>
		<depth>3</depth>
	</size>
	<segmented>0</segmented>
	<object>
		<name>trafficcone</name>
		<pose>Unspecified</pose>
		<truncated>0</truncated>
		<difficult>0</difficult>
		<bndbox>
			<xmin>104</xmin>
			<ymin>224</ymin>
			<xmax>264</xmax>
			<ymax>441</ymax>
		</bndbox>
	</object>
	<object>
		<name>trafficcone</name>
		<pose>Unspecified</pose>
		<truncated>0</truncated>
		<difficult>0</difficult>
		<bndbox>
			<xmin>58</xmin>
			<ymin>31</ymin>
			<xmax>262</xmax>
			<ymax>186</ymax>
		</bndbox>
	</object>
</annotation>