<annotation>
	<folder>cone_dataset</folder>
	<filename>176.jpg</filename>
	<path>C:\Users\65441\Desktop\cone_dataset\176.jpg</path>
	<source>
		<database>Unknown</database>
	</source>
	<size>
		<width>479</width>
		<height>359</height>
		<depth>3</depth>
	</size>
	<segmented>0</segmented>
	<object>
		<name>trafficcone</name>
		<pose>Unspecified</pose>
		<truncated>0</truncated>
		<difficult>0</difficult>
		<bndbox>
			<xmin>89</xmin>
			<ymin>175</ymin>
			<xmax>169</xmax>
			<ymax>299</ymax>
		</bndbox>
	</object>
</annotation>