<annotation>
	<folder>cone_dataset</folder>
	<filename>177.jpg</filename>
	<path>C:\Users\65441\Desktop\cone_dataset\177.jpg</path>
	<source>
		<database>Unknown</database>
	</source>
	<size>
		<width>1024</width>
		<height>1024</height>
		<depth>3</depth>
	</size>
	<segmented>0</segmented>
	<object>
		<name>trafficcone</name>
		<pose>Unspecified</pose>
		<truncated>0</truncated>
		<difficult>0</difficult>
		<bndbox>
			<xmin>364</xmin>
			<ymin>325</ymin>
			<xmax>642</xmax>
			<ymax>730</ymax>
		</bndbox>
	</object>
</annotation>