<annotation>
	<folder>cone_dataset</folder>
	<filename>178.jpg</filename>
	<path>C:\Users\65441\Desktop\cone_dataset\178.jpg</path>
	<source>
		<database>Unknown</database>
	</source>
	<size>
		<width>371</width>
		<height>464</height>
		<depth>3</depth>
	</size>
	<segmented>0</segmented>
	<object>
		<name>trafficcone</name>
		<pose>Unspecified</pose>
		<truncated>0</truncated>
		<difficult>0</difficult>
		<bndbox>
			<xmin>250</xmin>
			<ymin>240</ymin>
			<xmax>344</xmax>
			<ymax>411</ymax>
		</bndbox>
	</object>
</annotation>