<annotation>
	<folder>cone_dataset</folder>
	<filename>18.jpg</filename>
	<path>C:\Users\65441\Desktop\cone_dataset\18.jpg</path>
	<source>
		<database>Unknown</database>
	</source>
	<size>
		<width>338</width>
		<height>507</height>
		<depth>3</depth>
	</size>
	<segmented>0</segmented>
	<object>
		<name>trafficcone</name>
		<pose>Unspecified</pose>
		<truncated>0</truncated>
		<difficult>0</difficult>
		<bndbox>
			<xmin>2</xmin>
			<ymin>88</ymin>
			<xmax>160</xmax>
			<ymax>502</ymax>
		</bndbox>
	</object>
	<object>
		<name>trafficcone</name>
		<pose>Unspecified</pose>
		<truncated>1</truncated>
		<difficult>0</difficult>
		<bndbox>
			<xmin>62</xmin>
			<ymin>1</ymin>
			<xmax>168</xmax>
			<ymax>219</ymax>
		</bndbox>
	</object>
</annotation>