<annotation>
	<folder>cone_dataset</folder>
	<filename>180.jpg</filename>
	<path>C:\Users\65441\Desktop\cone_dataset\180.jpg</path>
	<source>
		<database>Unknown</database>
	</source>
	<size>
		<width>326</width>
		<height>527</height>
		<depth>3</depth>
	</size>
	<segmented>0</segmented>
	<object>
		<name>trafficcone</name>
		<pose>Unspecified</pose>
		<truncated>0</truncated>
		<difficult>0</difficult>
		<bndbox>
			<xmin>28</xmin>
			<ymin>214</ymin>
			<xmax>152</xmax>
			<ymax>479</ymax>
		</bndbox>
	</object>
</annotation>