<annotation>
	<folder>cone_dataset</folder>
	<filename>181.jpg</filename>
	<path>C:\Users\65441\Desktop\cone_dataset\181.jpg</path>
	<source>
		<database>Unknown</database>
	</source>
	<size>
		<width>359</width>
		<height>479</height>
		<depth>3</depth>
	</size>
	<segmented>0</segmented>
	<object>
		<name>trafficcone</name>
		<pose>Unspecified</pose>
		<truncated>0</truncated>
		<difficult>0</difficult>
		<bndbox>
			<xmin>165</xmin>
			<ymin>372</ymin>
			<xmax>197</xmax>
			<ymax>459</ymax>
		</bndbox>
	</object>
	<object>
		<name>trafficcone</name>
		<pose>Unspecified</pose>
		<truncated>0</truncated>
		<difficult>0</difficult>
		<bndbox>
			<xmin>266</xmin>
			<ymin>374</ymin>
			<xmax>301</xmax>
			<ymax>466</ymax>
		</bndbox>
	</object>
</annotation>