<annotation>
	<folder>cone_dataset</folder>
	<filename>183.jpg</filename>
	<path>C:\Users\65441\Desktop\cone_dataset\183.jpg</path>
	<source>
		<database>Unknown</database>
	</source>
	<size>
		<width>344</width>
		<height>502</height>
		<depth>3</depth>
	</size>
	<segmented>0</segmented>
	<object>
		<name>trafficcone</name>
		<pose>Unspecified</pose>
		<truncated>0</truncated>
		<difficult>0</difficult>
		<bndbox>
			<xmin>134</xmin>
			<ymin>153</ymin>
			<xmax>283</xmax>
			<ymax>420</ymax>
		</bndbox>
	</object>
</annotation>