<annotation>
	<folder>cone_dataset</folder>
	<filename>184.jpg</filename>
	<path>C:\Users\65441\Desktop\cone_dataset\184.jpg</path>
	<source>
		<database>Unknown</database>
	</source>
	<size>
		<width>338</width>
		<height>507</height>
		<depth>3</depth>
	</size>
	<segmented>0</segmented>
	<object>
		<name>trafficcone</name>
		<pose>Unspecified</pose>
		<truncated>0</truncated>
		<difficult>0</difficult>
		<bndbox>
			<xmin>2</xmin>
			<ymin>89</ymin>
			<xmax>161</xmax>
			<ymax>496</ymax>
		</bndbox>
	</object>
	<object>
		<name>trafficcone</name>
		<pose>Unspecified</pose>
		<truncated>0</truncated>
		<difficult>0</difficult>
		<bndbox>
			<xmin>61</xmin>
			<ymin>2</ymin>
			<xmax>164</xmax>
			<ymax>220</ymax>
		</bndbox>
	</object>
	<object>
		<name>trafficcone</name>
		<pose>Unspecified</pose>
		<truncated>0</truncated>
		<difficult>0</difficult>
		<bndbox>
			<xmin>156</xmin>
			<ymin>2</ymin>
			<xmax>219</xmax>
			<ymax>128</ymax>
		</bndbox>
	</object>
</annotation>