<annotation>
	<folder>cone_dataset</folder>
	<filename>185.jpg</filename>
	<path>C:\Users\65441\Desktop\cone_dataset\185.jpg</path>
	<source>
		<database>Unknown</database>
	</source>
	<size>
		<width>506</width>
		<height>338</height>
		<depth>3</depth>
	</size>
	<segmented>0</segmented>
	<object>
		<name>trafficcone</name>
		<pose>Unspecified</pose>
		<truncated>0</truncated>
		<difficult>0</difficult>
		<bndbox>
			<xmin>253</xmin>
			<ymin>153</ymin>
			<xmax>299</xmax>
			<ymax>233</ymax>
		</bndbox>
	</object>
	<object>
		<name>trafficcone</name>
		<pose>Unspecified</pose>
		<truncated>0</truncated>
		<difficult>0</difficult>
		<bndbox>
			<xmin>250</xmin>
			<ymin>151</ymin>
			<xmax>277</xmax>
			<ymax>206</ymax>
		</bndbox>
	</object>
</annotation>