<annotation>
	<folder>cone_dataset</folder>
	<filename>186.jpg</filename>
	<path>C:\Users\65441\Desktop\cone_dataset\186.jpg</path>
	<source>
		<database>Unknown</database>
	</source>
	<size>
		<width>338</width>
		<height>507</height>
		<depth>3</depth>
	</size>
	<segmented>0</segmented>
	<object>
		<name>trafficcone</name>
		<pose>Unspecified</pose>
		<truncated>0</truncated>
		<difficult>0</difficult>
		<bndbox>
			<xmin>155</xmin>
			<ymin>209</ymin>
			<xmax>280</xmax>
			<ymax>420</ymax>
		</bndbox>
	</object>
</annotation>