<annotation>
	<folder>cone_dataset</folder>
	<filename>188.jpg</filename>
	<path>C:\Users\65441\Desktop\cone_dataset\188.jpg</path>
	<source>
		<database>Unknown</database>
	</source>
	<size>
		<width>350</width>
		<height>490</height>
		<depth>3</depth>
	</size>
	<segmented>0</segmented>
	<object>
		<name>trafficcone</name>
		<pose>Unspecified</pose>
		<truncated>0</truncated>
		<difficult>0</difficult>
		<bndbox>
			<xmin>68</xmin>
			<ymin>44</ymin>
			<xmax>288</xmax>
			<ymax>452</ymax>
		</bndbox>
	</object>
</annotation>