<annotation>
	<folder>cone_dataset</folder>
	<filename>189.jpg</filename>
	<path>C:\Users\65441\Desktop\cone_dataset\189.jpg</path>
	<source>
		<database>Unknown</database>
	</source>
	<size>
		<width>509</width>
		<height>336</height>
		<depth>3</depth>
	</size>
	<segmented>0</segmented>
	<object>
		<name>trafficcone</name>
		<pose>Unspecified</pose>
		<truncated>0</truncated>
		<difficult>0</difficult>
		<bndbox>
			<xmin>356</xmin>
			<ymin>216</ymin>
			<xmax>410</xmax>
			<ymax>298</ymax>
		</bndbox>
	</object>
</annotation>