<annotation>
	<folder>cone_dataset</folder>
	<filename>190.jpg</filename>
	<path>C:\Users\65441\Desktop\cone_dataset\190.jpg</path>
	<source>
		<database>Unknown</database>
	</source>
	<size>
		<width>478</width>
		<height>359</height>
		<depth>3</depth>
	</size>
	<segmented>0</segmented>
	<object>
		<name>trafficcone</name>
		<pose>Unspecified</pose>
		<truncated>0</truncated>
		<difficult>0</difficult>
		<bndbox>
			<xmin>170</xmin>
			<ymin>67</ymin>
			<xmax>290</xmax>
			<ymax>267</ymax>
		</bndbox>
	</object>
</annotation>