<annotation>
	<folder>cone_dataset</folder>
	<filename>2.jpg</filename>
	<path>C:\Users\65441\Desktop\cone_dataset\2.jpg</path>
	<source>
		<database>Unknown</database>
	</source>
	<size>
		<width>397</width>
		<height>432</height>
		<depth>3</depth>
	</size>
	<segmented>0</segmented>
	<object>
		<name>trafficcone</name>
		<pose>Unspecified</pose>
		<truncated>0</truncated>
		<difficult>0</difficult>
		<bndbox>
			<xmin>63</xmin>
			<ymin>38</ymin>
			<xmax>338</xmax>
			<ymax>375</ymax>
		</bndbox>
	</object>
</annotation>