<annotation>
	<folder>cone_dataset</folder>
	<filename>20.jpg</filename>
	<path>C:\Users\65441\Desktop\cone_dataset\20.jpg</path>
	<source>
		<database>Unknown</database>
	</source>
	<size>
		<width>338</width>
		<height>507</height>
		<depth>3</depth>
	</size>
	<segmented>0</segmented>
	<object>
		<name>trafficcone</name>
		<pose>Unspecified</pose>
		<truncated>0</truncated>
		<difficult>0</difficult>
		<bndbox>
			<xmin>103</xmin>
			<ymin>223</ymin>
			<xmax>262</xmax>
			<ymax>442</ymax>
		</bndbox>
	</object>
	<object>
		<name>trafficcone</name>
		<pose>Unspecified</pose>
		<truncated>0</truncated>
		<difficult>0</difficult>
		<bndbox>
			<xmin>61</xmin>
			<ymin>30</ymin>
			<xmax>261</xmax>
			<ymax>188</ymax>
		</bndbox>
	</object>
</annotation>