<annotation>
	<folder>cone_dataset</folder>
	<filename>22.jpg</filename>
	<path>C:\Users\65441\Desktop\cone_dataset\22.jpg</path>
	<source>
		<database>Unknown</database>
	</source>
	<size>
		<width>337</width>
		<height>508</height>
		<depth>3</depth>
	</size>
	<segmented>0</segmented>
	<object>
		<name>trafficcone</name>
		<pose>Unspecified</pose>
		<truncated>0</truncated>
		<difficult>0</difficult>
		<bndbox>
			<xmin>7</xmin>
			<ymin>41</ymin>
			<xmax>333</xmax>
			<ymax>476</ymax>
		</bndbox>
	</object>
</annotation>