<annotation>
	<folder>cone_dataset</folder>
	<filename>23.jpg</filename>
	<path>C:\Users\65441\Desktop\cone_dataset\23.jpg</path>
	<source>
		<database>Unknown</database>
	</source>
	<size>
		<width>478</width>
		<height>359</height>
		<depth>3</depth>
	</size>
	<segmented>0</segmented>
	<object>
		<name>trafficcone</name>
		<pose>Unspecified</pose>
		<truncated>0</truncated>
		<difficult>0</difficult>
		<bndbox>
			<xmin>21</xmin>
			<ymin>36</ymin>
			<xmax>260</xmax>
			<ymax>305</ymax>
		</bndbox>
	</object>
	<object>
		<name>trafficcone</name>
		<pose>Unspecified</pose>
		<truncated>0</truncated>
		<difficult>0</difficult>
		<bndbox>
			<xmin>261</xmin>
			<ymin>76</ymin>
			<xmax>437</xmax>
			<ymax>271</ymax>
		</bndbox>
	</object>
</annotation>