<annotation>
	<folder>cone_dataset</folder>
	<filename>24.jpg</filename>
	<path>C:\Users\65441\Desktop\cone_dataset\24.jpg</path>
	<source>
		<database>Unknown</database>
	</source>
	<size>
		<width>339</width>
		<height>509</height>
		<depth>3</depth>
	</size>
	<segmented>0</segmented>
	<object>
		<name>trafficcone</name>
		<pose>Unspecified</pose>
		<truncated>0</truncated>
		<difficult>0</difficult>
		<bndbox>
			<xmin>40</xmin>
			<ymin>67</ymin>
			<xmax>311</xmax>
			<ymax>468</ymax>
		</bndbox>
	</object>
</annotation>