<annotation>
	<folder>cone_dataset</folder>
	<filename>25.jpg</filename>
	<path>C:\Users\65441\Desktop\cone_dataset\25.jpg</path>
	<source>
		<database>Unknown</database>
	</source>
	<size>
		<width>1024</width>
		<height>989</height>
		<depth>3</depth>
	</size>
	<segmented>0</segmented>
	<object>
		<name>trafficcone</name>
		<pose>Unspecified</pose>
		<truncated>0</truncated>
		<difficult>0</difficult>
		<bndbox>
			<xmin>109</xmin>
			<ymin>110</ymin>
			<xmax>631</xmax>
			<ymax>884</ymax>
		</bndbox>
	</object>
	<object>
		<name>trafficcone</name>
		<pose>Unspecified</pose>
		<truncated>0</truncated>
		<difficult>0</difficult>
		<bndbox>
			<xmin>467</xmin>
			<ymin>281</ymin>
			<xmax>931</xmax>
			<ymax>646</ymax>
		</bndbox>
	</object>
</annotation>