<annotation>
	<folder>cone_dataset</folder>
	<filename>26.jpg</filename>
	<path>C:\Users\65441\Desktop\cone_dataset\26.jpg</path>
	<source>
		<database>Unknown</database>
	</source>
	<size>
		<width>686</width>
		<height>1024</height>
		<depth>3</depth>
	</size>
	<segmented>0</segmented>
	<object>
		<name>trafficcone</name>
		<pose>Unspecified</pose>
		<truncated>0</truncated>
		<difficult>0</difficult>
		<bndbox>
			<xmin>129</xmin>
			<ymin>120</ymin>
			<xmax>545</xmax>
			<ymax>951</ymax>
		</bndbox>
	</object>
</annotation>