<annotation>
	<folder>cone_dataset</folder>
	<filename>31.jpg</filename>
	<path>C:\Users\65441\Desktop\cone_dataset\31.jpg</path>
	<source>
		<database>Unknown</database>
	</source>
	<size>
		<width>478</width>
		<height>359</height>
		<depth>3</depth>
	</size>
	<segmented>0</segmented>
	<object>
		<name>trafficcone</name>
		<pose>Unspecified</pose>
		<truncated>0</truncated>
		<difficult>0</difficult>
		<bndbox>
			<xmin>24</xmin>
			<ymin>36</ymin>
			<xmax>259</xmax>
			<ymax>309</ymax>
		</bndbox>
	</object>
	<object>
		<name>trafficcone</name>
		<pose>Unspecified</pose>
		<truncated>0</truncated>
		<difficult>0</difficult>
		<bndbox>
			<xmin>263</xmin>
			<ymin>78</ymin>
			<xmax>436</xmax>
			<ymax>275</ymax>
		</bndbox>
	</object>
</annotation>