<annotation>
	<folder>cone_dataset</folder>
	<filename>32.jpg</filename>
	<path>C:\Users\65441\Desktop\cone_dataset\32.jpg</path>
	<source>
		<database>Unknown</database>
	</source>
	<size>
		<width>1024</width>
		<height>768</height>
		<depth>3</depth>
	</size>
	<segmented>0</segmented>
	<object>
		<name>trafficcone</name>
		<pose>Unspecified</pose>
		<truncated>0</truncated>
		<difficult>0</difficult>
		<bndbox>
			<xmin>107</xmin>
			<ymin>335</ymin>
			<xmax>285</xmax>
			<ymax>540</ymax>
		</bndbox>
	</object>
	<object>
		<name>trafficcone</name>
		<pose>Unspecified</pose>
		<truncated>0</truncated>
		<difficult>0</difficult>
		<bndbox>
			<xmin>238</xmin>
			<ymin>408</ymin>
			<xmax>469</xmax>
			<ymax>583</ymax>
		</bndbox>
	</object>
	<object>
		<name>trafficcone</name>
		<pose>Unspecified</pose>
		<truncated>0</truncated>
		<difficult>0</difficult>
		<bndbox>
			<xmin>547</xmin>
			<ymin>399</ymin>
			<xmax>741</xmax>
			<ymax>645</ymax>
		</bndbox>
	</object>
</annotation>