<annotation>
	<folder>cone_dataset</folder>
	<filename>34.jpg</filename>
	<path>C:\Users\65441\Desktop\cone_dataset\34.jpg</path>
	<source>
		<database>Unknown</database>
	</source>
	<size>
		<width>478</width>
		<height>359</height>
		<depth>3</depth>
	</size>
	<segmented>0</segmented>
	<object>
		<name>trafficcone</name>
		<pose>Unspecified</pose>
		<truncated>0</truncated>
		<difficult>0</difficult>
		<bndbox>
			<xmin>240</xmin>
			<ymin>25</ymin>
			<xmax>438</xmax>
			<ymax>310</ymax>
		</bndbox>
	</object>
	<object>
		<name>trafficcone</name>
		<pose>Unspecified</pose>
		<truncated>0</truncated>
		<difficult>0</difficult>
		<bndbox>
			<xmin>159</xmin>
			<ymin>87</ymin>
			<xmax>228</xmax>
			<ymax>216</ymax>
		</bndbox>
	</object>
	<object>
		<name>trafficcone</name>
		<pose>Unspecified</pose>
		<truncated>0</truncated>
		<difficult>0</difficult>
		<bndbox>
			<xmin>116</xmin>
			<ymin>113</ymin>
			<xmax>162</xmax>
			<ymax>188</ymax>
		</bndbox>
	</object>
</annotation>