<annotation>
	<folder>new</folder>
	<filename>36.jpg</filename>
	<path>C:\Users\HP\Desktop\new\36.jpg</path>
	<source>
		<database>Unknown</database>
	</source>
	<size>
		<width>323</width>
		<height>529</height>
		<depth>3</depth>
	</size>
	<segmented>0</segmented>
	<object>
		<name>trafficcone</name>
		<pose>Unspecified</pose>
		<truncated>0</truncated>
		<difficult>0</difficult>
		<bndbox>
			<xmin>17</xmin>
			<ymin>19</ymin>
			<xmax>309</xmax>
			<ymax>502</ymax>
		</bndbox>
	</object>
</annotation>