<annotation>
	<folder>new</folder>
	<filename>37.jpg</filename>
	<path>C:\Users\HP\Desktop\new\37.jpg</path>
	<source>
		<database>Unknown</database>
	</source>
	<size>
		<width>421</width>
		<height>407</height>
		<depth>3</depth>
	</size>
	<segmented>0</segmented>
	<object>
		<name>trafficcone</name>
		<pose>Unspecified</pose>
		<truncated>0</truncated>
		<difficult>0</difficult>
		<bndbox>
			<xmin>45</xmin>
			<ymin>46</ymin>
			<xmax>260</xmax>
			<ymax>366</ymax>
		</bndbox>
	</object>
	<object>
		<name>trafficcone</name>
		<pose>Unspecified</pose>
		<truncated>0</truncated>
		<difficult>0</difficult>
		<bndbox>
			<xmin>192</xmin>
			<ymin>118</ymin>
			<xmax>383</xmax>
			<ymax>269</ymax>
		</bndbox>
	</object>
</annotation>