<annotation>
	<folder>new</folder>
	<filename>39.jpg</filename>
	<path>C:\Users\HP\Desktop\new\39.jpg</path>
	<source>
		<database>Unknown</database>
	</source>
	<size>
		<width>469</width>
		<height>368</height>
		<depth>3</depth>
	</size>
	<segmented>0</segmented>
	<object>
		<name>trafficcone</name>
		<pose>Unspecified</pose>
		<truncated>0</truncated>
		<difficult>0</difficult>
		<bndbox>
			<xmin>60</xmin>
			<ymin>118</ymin>
			<xmax>327</xmax>
			<ymax>309</ymax>
		</bndbox>
	</object>
</annotation>