<annotation>
	<folder>new</folder>
	<filename>4.jpg</filename>
	<path>C:\Users\HP\Desktop\new\4.jpg</path>
	<source>
		<database>Unknown</database>
	</source>
	<size>
		<width>381</width>
		<height>454</height>
		<depth>3</depth>
	</size>
	<segmented>0</segmented>
	<object>
		<name>trafficcone</name>
		<pose>Unspecified</pose>
		<truncated>0</truncated>
		<difficult>0</difficult>
		<bndbox>
			<xmin>20</xmin>
			<ymin>26</ymin>
			<xmax>365</xmax>
			<ymax>431</ymax>
		</bndbox>
	</object>
</annotation>