<annotation>
	<folder>new</folder>
	<filename>49.jpg</filename>
	<path>C:\Users\HP\Desktop\new\49.jpg</path>
	<source>
		<database>Unknown</database>
	</source>
	<size>
		<width>594</width>
		<height>334</height>
		<depth>3</depth>
	</size>
	<segmented>0</segmented>
	<object>
		<name>trafficcone</name>
		<pose>Unspecified</pose>
		<truncated>0</truncated>
		<difficult>0</difficult>
		<bndbox>
			<xmin>34</xmin>
			<ymin>48</ymin>
			<xmax>212</xmax>
			<ymax>281</ymax>
		</bndbox>
	</object>
	<object>
		<name>trafficcone</name>
		<pose>Unspecified</pose>
		<truncated>0</truncated>
		<difficult>0</difficult>
		<bndbox>
			<xmin>377</xmin>
			<ymin>9</ymin>
			<xmax>588</xmax>
			<ymax>294</ymax>
		</bndbox>
	</object>
</annotation>