<annotation>
	<folder>new</folder>
	<filename>53.jpg</filename>
	<path>C:\Users\15167\Desktop\new\53.jpg</path>
	<source>
		<database>Unknown</database>
	</source>
	<size>
		<width>114</width>
		<height>170</height>
		<depth>3</depth>
	</size>
	<segmented>0</segmented>
	<object>
		<name>trafficcone</name>
		<pose>Unspecified</pose>
		<truncated>0</truncated>
		<difficult>0</difficult>
		<bndbox>
			<xmin>24</xmin>
			<ymin>20</ymin>
			<xmax>90</xmax>
			<ymax>157</ymax>
		</bndbox>
	</object>
</annotation>