<annotation>
	<folder>new</folder>
	<filename>55.jpg</filename>
	<path>C:\Users\15167\Desktop\new\55.jpg</path>
	<source>
		<database>Unknown</database>
	</source>
	<size>
		<width>478</width>
		<height>359</height>
		<depth>3</depth>
	</size>
	<segmented>0</segmented>
	<object>
		<name>trafficcone</name>
		<pose>Unspecified</pose>
		<truncated>0</truncated>
		<difficult>0</difficult>
		<bndbox>
			<xmin>189</xmin>
			<ymin>51</ymin>
			<xmax>346</xmax>
			<ymax>283</ymax>
		</bndbox>
	</object>
	<object>
		<name>trafficcone</name>
		<pose>Unspecified</pose>
		<truncated>0</truncated>
		<difficult>0</difficult>
		<bndbox>
			<xmin>387</xmin>
			<ymin>166</ymin>
			<xmax>445</xmax>
			<ymax>257</ymax>
		</bndbox>
	</object>
</annotation>