<annotation>
	<folder>new</folder>
	<filename>56.jpg</filename>
	<path>C:\Users\15167\Desktop\new\56.jpg</path>
	<source>
		<database>Unknown</database>
	</source>
	<size>
		<width>422</width>
		<height>407</height>
		<depth>3</depth>
	</size>
	<segmented>0</segmented>
	<object>
		<name>trafficcone</name>
		<pose>Unspecified</pose>
		<truncated>0</truncated>
		<difficult>0</difficult>
		<bndbox>
			<xmin>88</xmin>
			<ymin>13</ymin>
			<xmax>303</xmax>
			<ymax>326</ymax>
		</bndbox>
	</object>
</annotation>