<annotation>
	<folder>new</folder>
	<filename>58.jpg</filename>
	<path>C:\Users\15167\Desktop\new\58.jpg</path>
	<source>
		<database>Unknown</database>
	</source>
	<size>
		<width>369</width>
		<height>464</height>
		<depth>3</depth>
	</size>
	<segmented>0</segmented>
	<object>
		<name>trafficcone</name>
		<pose>Unspecified</pose>
		<truncated>0</truncated>
		<difficult>0</difficult>
		<bndbox>
			<xmin>42</xmin>
			<ymin>172</ymin>
			<xmax>191</xmax>
			<ymax>430</ymax>
		</bndbox>
	</object>
	<object>
		<name>trafficcone</name>
		<pose>Unspecified</pose>
		<truncated>0</truncated>
		<difficult>0</difficult>
		<bndbox>
			<xmin>96</xmin>
			<ymin>135</ymin>
			<xmax>155</xmax>
			<ymax>347</ymax>
		</bndbox>
	</object>
	<object>
		<name>trafficcone</name>
		<pose>Unspecified</pose>
		<truncated>0</truncated>
		<difficult>0</difficult>
		<bndbox>
			<xmin>159</xmin>
			<ymin>173</ymin>
			<xmax>335</xmax>
			<ymax>287</ymax>
		</bndbox>
	</object>
</annotation>