<annotation>
	<folder>new</folder>
	<filename>59.jpg</filename>
	<path>C:\Users\15167\Desktop\new\59.jpg</path>
	<source>
		<database>Unknown</database>
	</source>
	<size>
		<width>359</width>
		<height>478</height>
		<depth>3</depth>
	</size>
	<segmented>0</segmented>
	<object>
		<name>trafficcone</name>
		<pose>Unspecified</pose>
		<truncated>0</truncated>
		<difficult>0</difficult>
		<bndbox>
			<xmin>70</xmin>
			<ymin>60</ymin>
			<xmax>285</xmax>
			<ymax>429</ymax>
		</bndbox>
	</object>
</annotation>