<annotation>
	<folder>new</folder>
	<filename>6.jpg</filename>
	<path>C:\Users\15167\Desktop\new\6.jpg</path>
	<source>
		<database>Unknown</database>
	</source>
	<size>
		<width>337</width>
		<height>508</height>
		<depth>3</depth>
	</size>
	<segmented>0</segmented>
	<object>
		<name>trafficcone</name>
		<pose>Unspecified</pose>
		<truncated>0</truncated>
		<difficult>0</difficult>
		<bndbox>
			<xmin>12</xmin>
			<ymin>42</ymin>
			<xmax>329</xmax>
			<ymax>468</ymax>
		</bndbox>
	</object>
</annotation>