<annotation>
	<folder>new</folder>
	<filename>60.jpg</filename>
	<path>C:\Users\15167\Desktop\new\60.jpg</path>
	<source>
		<database>Unknown</database>
	</source>
	<size>
		<width>482</width>
		<height>355</height>
		<depth>3</depth>
	</size>
	<segmented>0</segmented>
	<object>
		<name>trafficcone</name>
		<pose>Unspecified</pose>
		<truncated>0</truncated>
		<difficult>0</difficult>
		<bndbox>
			<xmin>52</xmin>
			<ymin>151</ymin>
			<xmax>195</xmax>
			<ymax>330</ymax>
		</bndbox>
	</object>
	<object>
		<name>trafficcone</name>
		<pose>Unspecified</pose>
		<truncated>0</truncated>
		<difficult>0</difficult>
		<bndbox>
			<xmin>214</xmin>
			<ymin>109</ymin>
			<xmax>318</xmax>
			<ymax>236</ymax>
		</bndbox>
	</object>
	<object>
		<name>trafficcone</name>
		<pose>Unspecified</pose>
		<truncated>0</truncated>
		<difficult>0</difficult>
		<bndbox>
			<xmin>307</xmin>
			<ymin>84</ymin>
			<xmax>387</xmax>
			<ymax>183</ymax>
		</bndbox>
	</object>
	<object>
		<name>trafficcone</name>
		<pose>Unspecified</pose>
		<truncated>0</truncated>
		<difficult>0</difficult>
		<bndbox>
			<xmin>367</xmin>
			<ymin>69</ymin>
			<xmax>434</xmax>
			<ymax>148</ymax>
		</bndbox>
	</object>
	<object>
		<name>trafficcone</name>
		<pose>Unspecified</pose>
		<truncated>0</truncated>
		<difficult>0</difficult>
		<bndbox>
			<xmin>417</xmin>
			<ymin>58</ymin>
			<xmax>466</xmax>
			<ymax>124</ymax>
		</bndbox>
	</object>
	<object>
		<name>trafficcone</name>
		<pose>Unspecified</pose>
		<truncated>1</truncated>
		<difficult>0</difficult>
		<bndbox>
			<xmin>456</xmin>
			<ymin>48</ymin>
			<xmax>482</xmax>
			<ymax>107</ymax>
		</bndbox>
	</object>
</annotation>