<annotation>
	<folder>new</folder>
	<filename>61.jpg</filename>
	<path>C:\Users\15167\Desktop\new\61.jpg</path>
	<source>
		<database>Unknown</database>
	</source>
	<size>
		<width>507</width>
		<height>338</height>
		<depth>3</depth>
	</size>
	<segmented>0</segmented>
	<object>
		<name>trafficcone</name>
		<pose>Unspecified</pose>
		<truncated>0</truncated>
		<difficult>0</difficult>
		<bndbox>
			<xmin>69</xmin>
			<ymin>170</ymin>
			<xmax>160</xmax>
			<ymax>318</ymax>
		</bndbox>
	</object>
	<object>
		<name>trafficcone</name>
		<pose>Unspecified</pose>
		<truncated>0</truncated>
		<difficult>0</difficult>
		<bndbox>
			<xmin>84</xmin>
			<ymin>126</ymin>
			<xmax>130</xmax>
			<ymax>221</ymax>
		</bndbox>
	</object>
</annotation>