<annotation>
	<folder>new</folder>
	<filename>65.jpg</filename>
	<path>C:\Users\15167\Desktop\new\65.jpg</path>
	<source>
		<database>Unknown</database>
	</source>
	<size>
		<width>339</width>
		<height>509</height>
		<depth>3</depth>
	</size>
	<segmented>0</segmented>
	<object>
		<name>trafficcone</name>
		<pose>Unspecified</pose>
		<truncated>0</truncated>
		<difficult>0</difficult>
		<bndbox>
			<xmin>40</xmin>
			<ymin>64</ymin>
			<xmax>312</xmax>
			<ymax>473</ymax>
		</bndbox>
	</object>
</annotation>