<annotation>
	<folder>new</folder>
	<filename>67.jpg</filename>
	<path>C:\Users\15167\Desktop\new\67.jpg</path>
	<source>
		<database>Unknown</database>
	</source>
	<size>
		<width>356</width>
		<height>481</height>
		<depth>3</depth>
	</size>
	<segmented>0</segmented>
	<object>
		<name>trafficcone</name>
		<pose>Unspecified</pose>
		<truncated>0</truncated>
		<difficult>0</difficult>
		<bndbox>
			<xmin>117</xmin>
			<ymin>91</ymin>
			<xmax>234</xmax>
			<ymax>317</ymax>
		</bndbox>
	</object>
</annotation>