<annotation>
	<folder>new</folder>
	<filename>68.jpg</filename>
	<path>C:\Users\15167\Desktop\new\68.jpg</path>
	<source>
		<database>Unknown</database>
	</source>
	<size>
		<width>478</width>
		<height>359</height>
		<depth>3</depth>
	</size>
	<segmented>0</segmented>
	<object>
		<name>trafficcone</name>
		<pose>Unspecified</pose>
		<truncated>0</truncated>
		<difficult>0</difficult>
		<bndbox>
			<xmin>225</xmin>
			<ymin>108</ymin>
			<xmax>258</xmax>
			<ymax>178</ymax>
		</bndbox>
	</object>
</annotation>