<annotation>
	<folder>new</folder>
	<filename>69.jpg</filename>
	<path>C:\Users\15167\Desktop\new\69.jpg</path>
	<source>
		<database>Unknown</database>
	</source>
	<size>
		<width>478</width>
		<height>359</height>
		<depth>3</depth>
	</size>
	<segmented>0</segmented>
	<object>
		<name>trafficcone</name>
		<pose>Unspecified</pose>
		<truncated>0</truncated>
		<difficult>0</difficult>
		<bndbox>
			<xmin>28</xmin>
			<ymin>34</ymin>
			<xmax>289</xmax>
			<ymax>298</ymax>
		</bndbox>
	</object>
	<object>
		<name>trafficcone</name>
		<pose>Unspecified</pose>
		<truncated>0</truncated>
		<difficult>0</difficult>
		<bndbox>
			<xmin>186</xmin>
			<ymin>100</ymin>
			<xmax>451</xmax>
			<ymax>309</ymax>
		</bndbox>
	</object>
</annotation>