<annotation>
	<folder>new</folder>
	<filename>71.jpg</filename>
	<path>C:\Users\15167\Desktop\new\71.jpg</path>
	<source>
		<database>Unknown</database>
	</source>
	<size>
		<width>412</width>
		<height>415</height>
		<depth>3</depth>
	</size>
	<segmented>0</segmented>
	<object>
		<name>trafficcone</name>
		<pose>Unspecified</pose>
		<truncated>0</truncated>
		<difficult>0</difficult>
		<bndbox>
			<xmin>181</xmin>
			<ymin>77</ymin>
			<xmax>373</xmax>
			<ymax>393</ymax>
		</bndbox>
	</object>
	<object>
		<name>trafficcone</name>
		<pose>Unspecified</pose>
		<truncated>1</truncated>
		<difficult>0</difficult>
		<bndbox>
			<xmin>344</xmin>
			<ymin>153</ymin>
			<xmax>412</xmax>
			<ymax>267</ymax>
		</bndbox>
	</object>
	<object>
		<name>trafficcone</name>
		<pose>Unspecified</pose>
		<truncated>0</truncated>
		<difficult>0</difficult>
		<bndbox>
			<xmin>67</xmin>
			<ymin>170</ymin>
			<xmax>123</xmax>
			<ymax>251</ymax>
		</bndbox>
	</object>
</annotation>