<annotation>
	<folder>new</folder>
	<filename>75.jpg</filename>
	<path>C:\Users\15167\Desktop\new\75.jpg</path>
	<source>
		<database>Unknown</database>
	</source>
	<size>
		<width>416</width>
		<height>416</height>
		<depth>3</depth>
	</size>
	<segmented>0</segmented>
	<object>
		<name>trafficcone</name>
		<pose>Unspecified</pose>
		<truncated>0</truncated>
		<difficult>0</difficult>
		<bndbox>
			<xmin>59</xmin>
			<ymin>18</ymin>
			<xmax>350</xmax>
			<ymax>394</ymax>
		</bndbox>
	</object>
</annotation>