<annotation>
	<folder>new</folder>
	<filename>76.jpg</filename>
	<path>C:\Users\15167\Desktop\new\76.jpg</path>
	<source>
		<database>Unknown</database>
	</source>
	<size>
		<width>492</width>
		<height>348</height>
		<depth>3</depth>
	</size>
	<segmented>0</segmented>
	<object>
		<name>trafficcone</name>
		<pose>Unspecified</pose>
		<truncated>0</truncated>
		<difficult>0</difficult>
		<bndbox>
			<xmin>87</xmin>
			<ymin>52</ymin>
			<xmax>294</xmax>
			<ymax>300</ymax>
		</bndbox>
	</object>
	<object>
		<name>trafficcone</name>
		<pose>Unspecified</pose>
		<truncated>0</truncated>
		<difficult>0</difficult>
		<bndbox>
			<xmin>220</xmin>
			<ymin>84</ymin>
			<xmax>395</xmax>
			<ymax>270</ymax>
		</bndbox>
	</object>
</annotation>