<annotation>
	<folder>new</folder>
	<filename>77.jpg</filename>
	<path>C:\Users\15167\Desktop\new\77.jpg</path>
	<source>
		<database>Unknown</database>
	</source>
	<size>
		<width>387</width>
		<height>443</height>
		<depth>3</depth>
	</size>
	<segmented>0</segmented>
	<object>
		<name>trafficcone</name>
		<pose>Unspecified</pose>
		<truncated>1</truncated>
		<difficult>0</difficult>
		<bndbox>
			<xmin>25</xmin>
			<ymin>1</ymin>
			<xmax>377</xmax>
			<ymax>431</ymax>
		</bndbox>
	</object>
</annotation>