<annotation>
	<folder>new</folder>
	<filename>78.jpg</filename>
	<path>C:\Users\15167\Desktop\new\78.jpg</path>
	<source>
		<database>Unknown</database>
	</source>
	<size>
		<width>337</width>
		<height>506</height>
		<depth>3</depth>
	</size>
	<segmented>0</segmented>
	<object>
		<name>trafficcone</name>
		<pose>Unspecified</pose>
		<truncated>0</truncated>
		<difficult>0</difficult>
		<bndbox>
			<xmin>181</xmin>
			<ymin>170</ymin>
			<xmax>277</xmax>
			<ymax>436</ymax>
		</bndbox>
	</object>
	<object>
		<name>trafficcone</name>
		<pose>Unspecified</pose>
		<truncated>0</truncated>
		<difficult>0</difficult>
		<bndbox>
			<xmin>71</xmin>
			<ymin>167</ymin>
			<xmax>99</xmax>
			<ymax>241</ymax>
		</bndbox>
	</object>
</annotation>