<annotation>
	<folder>new</folder>
	<filename>82.jpg</filename>
	<path>C:\Users\15167\Desktop\new\82.jpg</path>
	<source>
		<database>Unknown</database>
	</source>
	<size>
		<width>514</width>
		<height>333</height>
		<depth>3</depth>
	</size>
	<segmented>0</segmented>
	<object>
		<name>trafficcone</name>
		<pose>Unspecified</pose>
		<truncated>0</truncated>
		<difficult>0</difficult>
		<bndbox>
			<xmin>123</xmin>
			<ymin>35</ymin>
			<xmax>185</xmax>
			<ymax>162</ymax>
		</bndbox>
	</object>
	<object>
		<name>trafficcone</name>
		<pose>Unspecified</pose>
		<truncated>0</truncated>
		<difficult>0</difficult>
		<bndbox>
			<xmin>202</xmin>
			<ymin>172</ymin>
			<xmax>358</xmax>
			<ymax>301</ymax>
		</bndbox>
	</object>
	<object>
		<name>trafficcone</name>
		<pose>Unspecified</pose>
		<truncated>0</truncated>
		<difficult>0</difficult>
		<bndbox>
			<xmin>379</xmin>
			<ymin>93</ymin>
			<xmax>504</xmax>
			<ymax>293</ymax>
		</bndbox>
	</object>
	<object>
		<name>trafficcone</name>
		<pose>Unspecified</pose>
		<truncated>0</truncated>
		<difficult>0</difficult>
		<bndbox>
			<xmin>20</xmin>
			<ymin>26</ymin>
			<xmax>81</xmax>
			<ymax>135</ymax>
		</bndbox>
	</object>
</annotation>