<annotation>
	<folder>new</folder>
	<filename>83.jpg</filename>
	<path>C:\Users\15167\Desktop\new\83.jpg</path>
	<source>
		<database>Unknown</database>
	</source>
	<size>
		<width>509</width>
		<height>339</height>
		<depth>3</depth>
	</size>
	<segmented>0</segmented>
	<object>
		<name>trafficcone</name>
		<pose>Unspecified</pose>
		<truncated>0</truncated>
		<difficult>0</difficult>
		<bndbox>
			<xmin>302</xmin>
			<ymin>2</ymin>
			<xmax>489</xmax>
			<ymax>337</ymax>
		</bndbox>
	</object>
</annotation>