<annotation>
	<folder>new</folder>
	<filename>84.jpg</filename>
	<path>C:\Users\15167\Desktop\new\84.jpg</path>
	<source>
		<database>Unknown</database>
	</source>
	<size>
		<width>509</width>
		<height>339</height>
		<depth>3</depth>
	</size>
	<segmented>0</segmented>
	<object>
		<name>trafficcone</name>
		<pose>Unspecified</pose>
		<truncated>0</truncated>
		<difficult>0</difficult>
		<bndbox>
			<xmin>198</xmin>
			<ymin>191</ymin>
			<xmax>331</xmax>
			<ymax>327</ymax>
		</bndbox>
	</object>
</annotation>