<annotation>
	<folder>new</folder>
	<filename>86.jpg</filename>
	<path>C:\Users\15167\Desktop\new\86.jpg</path>
	<source>
		<database>Unknown</database>
	</source>
	<size>
		<width>507</width>
		<height>338</height>
		<depth>3</depth>
	</size>
	<segmented>0</segmented>
	<object>
		<name>trafficcone</name>
		<pose>Unspecified</pose>
		<truncated>0</truncated>
		<difficult>0</difficult>
		<bndbox>
			<xmin>216</xmin>
			<ymin>23</ymin>
			<xmax>441</xmax>
			<ymax>262</ymax>
		</bndbox>
	</object>
</annotation>