<annotation>
	<folder>new</folder>
	<filename>89.jpg</filename>
	<path>C:\Users\15167\Desktop\new\89.jpg</path>
	<source>
		<database>Unknown</database>
	</source>
	<size>
		<width>338</width>
		<height>507</height>
		<depth>3</depth>
	</size>
	<segmented>0</segmented>
	<object>
		<name>trafficcone</name>
		<pose>Unspecified</pose>
		<truncated>0</truncated>
		<difficult>0</difficult>
		<bndbox>
			<xmin>71</xmin>
			<ymin>16</ymin>
			<xmax>291</xmax>
			<ymax>485</ymax>
		</bndbox>
	</object>
</annotation>