<annotation>
	<folder>new</folder>
	<filename>91.jpg</filename>
	<path>C:\Users\15167\Desktop\new\91.jpg</path>
	<source>
		<database>Unknown</database>
	</source>
	<size>
		<width>553</width>
		<height>311</height>
		<depth>3</depth>
	</size>
	<segmented>0</segmented>
	<object>
		<name>trafficcone</name>
		<pose>Unspecified</pose>
		<truncated>0</truncated>
		<difficult>0</difficult>
		<bndbox>
			<xmin>163</xmin>
			<ymin>31</ymin>
			<xmax>255</xmax>
			<ymax>168</ymax>
		</bndbox>
	</object>
	<object>
		<name>trafficcone</name>
		<pose>Unspecified</pose>
		<truncated>1</truncated>
		<difficult>0</difficult>
		<bndbox>
			<xmin>257</xmin>
			<ymin>1</ymin>
			<xmax>346</xmax>
			<ymax>135</ymax>
		</bndbox>
	</object>
	<object>
		<name>trafficcone</name>
		<pose>Unspecified</pose>
		<truncated>1</truncated>
		<difficult>0</difficult>
		<bndbox>
			<xmin>307</xmin>
			<ymin>153</ymin>
			<xmax>553</xmax>
			<ymax>251</ymax>
		</bndbox>
	</object>
</annotation>