<annotation>
	<folder>new</folder>
	<filename>92.jpg</filename>
	<path>C:\Users\15167\Desktop\new\92.jpg</path>
	<source>
		<database>Unknown</database>
	</source>
	<size>
		<width>359</width>
		<height>479</height>
		<depth>3</depth>
	</size>
	<segmented>0</segmented>
	<object>
		<name>trafficcone</name>
		<pose>Unspecified</pose>
		<truncated>0</truncated>
		<difficult>0</difficult>
		<bndbox>
			<xmin>66</xmin>
			<ymin>188</ymin>
			<xmax>212</xmax>
			<ymax>379</ymax>
		</bndbox>
	</object>
</annotation>