<annotation>
	<folder>new</folder>
	<filename>97.jpg</filename>
	<path>C:\Users\15167\Desktop\new\97.jpg</path>
	<source>
		<database>Unknown</database>
	</source>
	<size>
		<width>432</width>
		<height>400</height>
		<depth>3</depth>
	</size>
	<segmented>0</segmented>
	<object>
		<name>trafficcone</name>
		<pose>Unspecified</pose>
		<truncated>1</truncated>
		<difficult>0</difficult>
		<bndbox>
			<xmin>105</xmin>
			<ymin>1</ymin>
			<xmax>159</xmax>
			<ymax>102</ymax>
		</bndbox>
	</object>
</annotation>