<annotation>
	<folder>new</folder>
	<filename>98.jpg</filename>
	<path>C:\Users\15167\Desktop\new\98.jpg</path>
	<source>
		<database>Unknown</database>
	</source>
	<size>
		<width>509</width>
		<height>339</height>
		<depth>3</depth>
	</size>
	<segmented>0</segmented>
	<object>
		<name>trafficcone</name>
		<pose>Unspecified</pose>
		<truncated>0</truncated>
		<difficult>0</difficult>
		<bndbox>
			<xmin>179</xmin>
			<ymin>42</ymin>
			<xmax>251</xmax>
			<ymax>167</ymax>
		</bndbox>
	</object>
</annotation>